ISO-10303-21;
HEADER;
/* Generated by software containing ST-Developer
 * from STEP Tools, Inc. (www.steptools.com) 
 */
/* OPTION: using custom renumber hook */

FILE_DESCRIPTION(
/* description */ ('STEP AP242 Edition 2',
'CAx-IF Rec.Pracs.---Representation and Presentation of Product Manufa
cturing Information (PMI)---4.0---2014-10-13',
'CAx-IF Rec.Pracs.---3D Tessellated Geometry---0.4---2014-09-14','2;1',
'CAx-IF Rec.Pracs.---User Defined Attributes---1.5---2016-08-15'),
/* implementation_level */ '2;1');

FILE_NAME(
/* name */ 'Part Studio 2 - Part 4',
/* time_stamp */ '2026-10-06T01:35:52Z',
/* author */ (''),
/* organization */ (''),
/* preprocessor_version */ 'ST-DEVELOPER v20',
/* originating_system */ 'ONSHAPE BY PTC INC, 1.221',
/* authorisation */ '  ');

FILE_SCHEMA (('AP242_MANAGED_MODEL_BASED_3D_ENGINEERING_MIM_LF { 1 0 10303 442 3 1 4 }'));
ENDSEC;

DATA;
#10=SHAPE_REPRESENTATION_RELATIONSHIP('','',#2052,#11);
#11=ADVANCED_BREP_SHAPE_REPRESENTATION('',(#2050),#3474);
#12=SPHERICAL_SURFACE('',#2320,0.00072426);
#13=SPHERICAL_SURFACE('',#2326,0.00072426);
#14=CIRCLE('',#2060,0.0026);
#15=CIRCLE('',#2061,0.0026);
#16=CIRCLE('',#2063,0.0026);
#17=CIRCLE('',#2064,0.0026);
#18=CIRCLE('',#2066,0.0026);
#19=CIRCLE('',#2067,0.0026);
#20=CIRCLE('',#2069,0.0026);
#21=CIRCLE('',#2070,0.0026);
#22=CIRCLE('',#2072,0.0026);
#23=CIRCLE('',#2073,0.0026);
#24=CIRCLE('',#2075,0.0026);
#25=CIRCLE('',#2076,0.0026);
#26=CIRCLE('',#2078,0.0026);
#27=CIRCLE('',#2079,0.0026);
#28=CIRCLE('',#2081,0.0026);
#29=CIRCLE('',#2082,0.0026);
#30=CIRCLE('',#2084,0.0026);
#31=CIRCLE('',#2085,0.0026);
#32=CIRCLE('',#2087,0.0026);
#33=CIRCLE('',#2088,0.0026);
#34=CIRCLE('',#2090,0.0026);
#35=CIRCLE('',#2091,0.0026);
#36=CIRCLE('',#2093,0.0026);
#37=CIRCLE('',#2094,0.0026);
#38=CIRCLE('',#2096,0.0026);
#39=CIRCLE('',#2097,0.0026);
#40=CIRCLE('',#2099,0.0026);
#41=CIRCLE('',#2100,0.0026);
#42=CIRCLE('',#2102,0.0026);
#43=CIRCLE('',#2103,0.0026);
#44=CIRCLE('',#2105,0.0026);
#45=CIRCLE('',#2106,0.0026);
#46=CIRCLE('',#2108,0.0026);
#47=CIRCLE('',#2109,0.0026);
#48=CIRCLE('',#2111,0.0026);
#49=CIRCLE('',#2112,0.0026);
#50=CIRCLE('',#2114,0.0026);
#51=CIRCLE('',#2115,0.0026);
#52=CIRCLE('',#2117,0.0026);
#53=CIRCLE('',#2118,0.0026);
#54=CIRCLE('',#2120,0.0026);
#55=CIRCLE('',#2121,0.0026);
#56=CIRCLE('',#2123,0.0026);
#57=CIRCLE('',#2124,0.0026);
#58=CIRCLE('',#2126,0.0026);
#59=CIRCLE('',#2127,0.0026);
#60=CIRCLE('',#2129,0.0026);
#61=CIRCLE('',#2130,0.0026);
#62=CIRCLE('',#2132,0.0026);
#63=CIRCLE('',#2133,0.0026);
#64=CIRCLE('',#2135,0.0026);
#65=CIRCLE('',#2136,0.0026);
#66=CIRCLE('',#2138,0.0026);
#67=CIRCLE('',#2139,0.0026);
#68=CIRCLE('',#2141,0.0026);
#69=CIRCLE('',#2142,0.0026);
#70=CIRCLE('',#2144,0.0026);
#71=CIRCLE('',#2145,0.0026);
#72=CIRCLE('',#2147,0.0026);
#73=CIRCLE('',#2148,0.0026);
#74=CIRCLE('',#2150,0.0026);
#75=CIRCLE('',#2151,0.0026);
#76=CIRCLE('',#2153,0.0026);
#77=CIRCLE('',#2154,0.0026);
#78=CIRCLE('',#2156,0.0026);
#79=CIRCLE('',#2157,0.0026);
#80=CIRCLE('',#2159,0.0026);
#81=CIRCLE('',#2160,0.0026);
#82=CIRCLE('',#2162,0.0026);
#83=CIRCLE('',#2163,0.0026);
#84=CIRCLE('',#2165,0.0026);
#85=CIRCLE('',#2166,0.0026);
#86=CIRCLE('',#2168,0.0026);
#87=CIRCLE('',#2169,0.0026);
#88=CIRCLE('',#2171,0.0026);
#89=CIRCLE('',#2172,0.0026);
#90=CIRCLE('',#2174,0.0026);
#91=CIRCLE('',#2175,0.0026);
#92=CIRCLE('',#2177,0.0026);
#93=CIRCLE('',#2178,0.0026);
#94=CIRCLE('',#2180,0.0026);
#95=CIRCLE('',#2181,0.0026);
#96=CIRCLE('',#2183,0.0026);
#97=CIRCLE('',#2184,0.0026);
#98=CIRCLE('',#2186,0.0026);
#99=CIRCLE('',#2187,0.0026);
#100=CIRCLE('',#2189,0.0026);
#101=CIRCLE('',#2190,0.0026);
#102=CIRCLE('',#2192,0.0026);
#103=CIRCLE('',#2193,0.0026);
#104=CIRCLE('',#2195,0.0026);
#105=CIRCLE('',#2196,0.0026);
#106=CIRCLE('',#2198,0.0026);
#107=CIRCLE('',#2199,0.0026);
#108=CIRCLE('',#2201,0.0026);
#109=CIRCLE('',#2202,0.0026);
#110=CIRCLE('',#2204,0.0026);
#111=CIRCLE('',#2205,0.0026);
#112=CIRCLE('',#2207,0.0026);
#113=CIRCLE('',#2208,0.0026);
#114=CIRCLE('',#2210,0.0026);
#115=CIRCLE('',#2211,0.0026);
#116=CIRCLE('',#2213,0.0026);
#117=CIRCLE('',#2214,0.0026);
#118=CIRCLE('',#2216,0.0026);
#119=CIRCLE('',#2217,0.0026);
#120=CIRCLE('',#2219,0.0026);
#121=CIRCLE('',#2220,0.0026);
#122=CIRCLE('',#2222,0.0026);
#123=CIRCLE('',#2223,0.0026);
#124=CIRCLE('',#2225,0.0026);
#125=CIRCLE('',#2226,0.0026);
#126=CIRCLE('',#2228,0.0026);
#127=CIRCLE('',#2229,0.0026);
#128=CIRCLE('',#2231,0.0026);
#129=CIRCLE('',#2232,0.0026);
#130=CIRCLE('',#2234,0.0026);
#131=CIRCLE('',#2235,0.0026);
#132=CIRCLE('',#2237,0.0026);
#133=CIRCLE('',#2238,0.0026);
#134=CIRCLE('',#2240,0.0026);
#135=CIRCLE('',#2241,0.0026);
#136=CIRCLE('',#2243,0.0026);
#137=CIRCLE('',#2244,0.0026);
#138=CIRCLE('',#2246,0.0026);
#139=CIRCLE('',#2247,0.0026);
#140=CIRCLE('',#2249,0.0026);
#141=CIRCLE('',#2250,0.0026);
#142=CIRCLE('',#2252,0.0026);
#143=CIRCLE('',#2253,0.0026);
#144=CIRCLE('',#2255,0.0026);
#145=CIRCLE('',#2256,0.0026);
#146=CIRCLE('',#2258,0.0026);
#147=CIRCLE('',#2259,0.0026);
#148=CIRCLE('',#2261,0.0026);
#149=CIRCLE('',#2262,0.0026);
#150=CIRCLE('',#2264,0.0026);
#151=CIRCLE('',#2265,0.0026);
#152=CIRCLE('',#2267,0.0026);
#153=CIRCLE('',#2268,0.0026);
#154=CIRCLE('',#2270,0.0026);
#155=CIRCLE('',#2271,0.0026);
#156=CIRCLE('',#2273,0.0026);
#157=CIRCLE('',#2274,0.0026);
#158=CIRCLE('',#2277,0.00724264068711929);
#159=CIRCLE('',#2278,0.00724264068711929);
#160=CIRCLE('',#2279,0.00724264068711929);
#161=CIRCLE('',#2280,0.0133248425409856);
#162=CIRCLE('',#2281,0.0133248423940319);
#163=CIRCLE('',#2282,0.00724264068711929);
#164=CIRCLE('',#2283,0.0109248425409856);
#165=CIRCLE('',#2284,0.0109248423940319);
#166=CIRCLE('',#2286,0.0109248423940319);
#167=CIRCLE('',#2287,0.00072426);
#168=CIRCLE('',#2288,0.00072426);
#169=CIRCLE('',#2289,0.0109248425409856);
#170=CIRCLE('',#2290,0.00724264068711929);
#171=CIRCLE('',#2291,0.00724264068711929);
#172=CIRCLE('',#2292,0.0133248423940319);
#173=CIRCLE('',#2293,0.0133248425409856);
#174=CIRCLE('',#2294,0.00724264068711929);
#175=CIRCLE('',#2295,0.00724264068711929);
#176=CIRCLE('',#2313,0.00072426);
#177=CIRCLE('',#2314,0.00072426);
#178=CIRCLE('',#2317,0.00072426);
#179=CIRCLE('',#2319,0.00072426);
#180=CIRCLE('',#2321,0.00072426);
#181=CIRCLE('',#2323,0.00072426);
#182=CIRCLE('',#2325,0.00072426);
#183=CIRCLE('',#2327,0.00072426);
#184=CYLINDRICAL_SURFACE('',#2059,0.0026);
#185=CYLINDRICAL_SURFACE('',#2062,0.0026);
#186=CYLINDRICAL_SURFACE('',#2065,0.0026);
#187=CYLINDRICAL_SURFACE('',#2068,0.0026);
#188=CYLINDRICAL_SURFACE('',#2071,0.0026);
#189=CYLINDRICAL_SURFACE('',#2074,0.0026);
#190=CYLINDRICAL_SURFACE('',#2077,0.0026);
#191=CYLINDRICAL_SURFACE('',#2080,0.0026);
#192=CYLINDRICAL_SURFACE('',#2083,0.0026);
#193=CYLINDRICAL_SURFACE('',#2086,0.0026);
#194=CYLINDRICAL_SURFACE('',#2089,0.0026);
#195=CYLINDRICAL_SURFACE('',#2092,0.0026);
#196=CYLINDRICAL_SURFACE('',#2095,0.0026);
#197=CYLINDRICAL_SURFACE('',#2098,0.0026);
#198=CYLINDRICAL_SURFACE('',#2101,0.0026);
#199=CYLINDRICAL_SURFACE('',#2104,0.0026);
#200=CYLINDRICAL_SURFACE('',#2107,0.0026);
#201=CYLINDRICAL_SURFACE('',#2110,0.0026);
#202=CYLINDRICAL_SURFACE('',#2113,0.0026);
#203=CYLINDRICAL_SURFACE('',#2116,0.0026);
#204=CYLINDRICAL_SURFACE('',#2119,0.0026);
#205=CYLINDRICAL_SURFACE('',#2122,0.0026);
#206=CYLINDRICAL_SURFACE('',#2125,0.0026);
#207=CYLINDRICAL_SURFACE('',#2128,0.0026);
#208=CYLINDRICAL_SURFACE('',#2131,0.0026);
#209=CYLINDRICAL_SURFACE('',#2134,0.0026);
#210=CYLINDRICAL_SURFACE('',#2137,0.0026);
#211=CYLINDRICAL_SURFACE('',#2140,0.0026);
#212=CYLINDRICAL_SURFACE('',#2143,0.0026);
#213=CYLINDRICAL_SURFACE('',#2146,0.0026);
#214=CYLINDRICAL_SURFACE('',#2149,0.0026);
#215=CYLINDRICAL_SURFACE('',#2152,0.0026);
#216=CYLINDRICAL_SURFACE('',#2155,0.0026);
#217=CYLINDRICAL_SURFACE('',#2158,0.0026);
#218=CYLINDRICAL_SURFACE('',#2161,0.0026);
#219=CYLINDRICAL_SURFACE('',#2164,0.0026);
#220=CYLINDRICAL_SURFACE('',#2167,0.0026);
#221=CYLINDRICAL_SURFACE('',#2170,0.0026);
#222=CYLINDRICAL_SURFACE('',#2173,0.0026);
#223=CYLINDRICAL_SURFACE('',#2176,0.0026);
#224=CYLINDRICAL_SURFACE('',#2179,0.0026);
#225=CYLINDRICAL_SURFACE('',#2182,0.0026);
#226=CYLINDRICAL_SURFACE('',#2185,0.0026);
#227=CYLINDRICAL_SURFACE('',#2188,0.0026);
#228=CYLINDRICAL_SURFACE('',#2191,0.0026);
#229=CYLINDRICAL_SURFACE('',#2194,0.0026);
#230=CYLINDRICAL_SURFACE('',#2197,0.0026);
#231=CYLINDRICAL_SURFACE('',#2200,0.0026);
#232=CYLINDRICAL_SURFACE('',#2203,0.0026);
#233=CYLINDRICAL_SURFACE('',#2206,0.0026);
#234=CYLINDRICAL_SURFACE('',#2209,0.0026);
#235=CYLINDRICAL_SURFACE('',#2212,0.0026);
#236=CYLINDRICAL_SURFACE('',#2215,0.0026);
#237=CYLINDRICAL_SURFACE('',#2218,0.0026);
#238=CYLINDRICAL_SURFACE('',#2221,0.0026);
#239=CYLINDRICAL_SURFACE('',#2224,0.0026);
#240=CYLINDRICAL_SURFACE('',#2227,0.0026);
#241=CYLINDRICAL_SURFACE('',#2230,0.0026);
#242=CYLINDRICAL_SURFACE('',#2233,0.0026);
#243=CYLINDRICAL_SURFACE('',#2236,0.0026);
#244=CYLINDRICAL_SURFACE('',#2239,0.0026);
#245=CYLINDRICAL_SURFACE('',#2242,0.0026);
#246=CYLINDRICAL_SURFACE('',#2245,0.0026);
#247=CYLINDRICAL_SURFACE('',#2248,0.0026);
#248=CYLINDRICAL_SURFACE('',#2251,0.0026);
#249=CYLINDRICAL_SURFACE('',#2254,0.0026);
#250=CYLINDRICAL_SURFACE('',#2257,0.0026);
#251=CYLINDRICAL_SURFACE('',#2260,0.0026);
#252=CYLINDRICAL_SURFACE('',#2263,0.0026);
#253=CYLINDRICAL_SURFACE('',#2266,0.0026);
#254=CYLINDRICAL_SURFACE('',#2269,0.0026);
#255=CYLINDRICAL_SURFACE('',#2272,0.0026);
#256=CYLINDRICAL_SURFACE('',#2296,0.0109248423940319);
#257=CYLINDRICAL_SURFACE('',#2298,0.0109248425409856);
#258=CYLINDRICAL_SURFACE('',#2300,0.0133248425409856);
#259=CYLINDRICAL_SURFACE('',#2302,0.0133248423940319);
#260=CYLINDRICAL_SURFACE('',#2304,0.00724264068711929);
#261=CYLINDRICAL_SURFACE('',#2305,0.00724264068711929);
#262=CYLINDRICAL_SURFACE('',#2306,0.00724264068711929);
#263=CYLINDRICAL_SURFACE('',#2307,0.00724264068711929);
#264=CYLINDRICAL_SURFACE('',#2316,0.00072426);
#265=CYLINDRICAL_SURFACE('',#2318,0.00072426);
#266=CYLINDRICAL_SURFACE('',#2322,0.00072426);
#267=CYLINDRICAL_SURFACE('',#2324,0.00072426);
#268=CYLINDRICAL_SURFACE('',#2328,0.00072426);
#269=ORIENTED_EDGE('',*,*,#727,.T.);
#270=ORIENTED_EDGE('',*,*,#728,.T.);
#271=ORIENTED_EDGE('',*,*,#729,.F.);
#272=ORIENTED_EDGE('',*,*,#730,.T.);
#273=ORIENTED_EDGE('',*,*,#731,.F.);
#274=ORIENTED_EDGE('',*,*,#732,.F.);
#275=ORIENTED_EDGE('',*,*,#733,.F.);
#276=ORIENTED_EDGE('',*,*,#734,.T.);
#277=ORIENTED_EDGE('',*,*,#735,.T.);
#278=ORIENTED_EDGE('',*,*,#736,.T.);
#279=ORIENTED_EDGE('',*,*,#737,.F.);
#280=ORIENTED_EDGE('',*,*,#738,.T.);
#281=ORIENTED_EDGE('',*,*,#739,.T.);
#282=ORIENTED_EDGE('',*,*,#740,.F.);
#283=ORIENTED_EDGE('',*,*,#741,.T.);
#284=ORIENTED_EDGE('',*,*,#742,.T.);
#285=ORIENTED_EDGE('',*,*,#743,.F.);
#286=ORIENTED_EDGE('',*,*,#744,.T.);
#287=ORIENTED_EDGE('',*,*,#745,.F.);
#288=ORIENTED_EDGE('',*,*,#746,.T.);
#289=ORIENTED_EDGE('',*,*,#747,.T.);
#290=ORIENTED_EDGE('',*,*,#748,.T.);
#291=ORIENTED_EDGE('',*,*,#749,.T.);
#292=ORIENTED_EDGE('',*,*,#750,.F.);
#293=ORIENTED_EDGE('',*,*,#751,.T.);
#294=ORIENTED_EDGE('',*,*,#752,.F.);
#295=ORIENTED_EDGE('',*,*,#753,.T.);
#296=ORIENTED_EDGE('',*,*,#754,.F.);
#297=ORIENTED_EDGE('',*,*,#755,.T.);
#298=ORIENTED_EDGE('',*,*,#756,.F.);
#299=ORIENTED_EDGE('',*,*,#757,.T.);
#300=ORIENTED_EDGE('',*,*,#758,.F.);
#301=ORIENTED_EDGE('',*,*,#759,.T.);
#302=ORIENTED_EDGE('',*,*,#760,.F.);
#303=ORIENTED_EDGE('',*,*,#761,.T.);
#304=ORIENTED_EDGE('',*,*,#762,.F.);
#305=ORIENTED_EDGE('',*,*,#763,.T.);
#306=ORIENTED_EDGE('',*,*,#764,.F.);
#307=ORIENTED_EDGE('',*,*,#765,.T.);
#308=ORIENTED_EDGE('',*,*,#766,.F.);
#309=ORIENTED_EDGE('',*,*,#767,.T.);
#310=ORIENTED_EDGE('',*,*,#768,.F.);
#311=ORIENTED_EDGE('',*,*,#769,.T.);
#312=ORIENTED_EDGE('',*,*,#770,.F.);
#313=ORIENTED_EDGE('',*,*,#771,.T.);
#314=ORIENTED_EDGE('',*,*,#772,.F.);
#315=ORIENTED_EDGE('',*,*,#773,.T.);
#316=ORIENTED_EDGE('',*,*,#774,.F.);
#317=ORIENTED_EDGE('',*,*,#775,.T.);
#318=ORIENTED_EDGE('',*,*,#776,.F.);
#319=ORIENTED_EDGE('',*,*,#777,.T.);
#320=ORIENTED_EDGE('',*,*,#778,.F.);
#321=ORIENTED_EDGE('',*,*,#779,.T.);
#322=ORIENTED_EDGE('',*,*,#780,.F.);
#323=ORIENTED_EDGE('',*,*,#781,.T.);
#324=ORIENTED_EDGE('',*,*,#782,.F.);
#325=ORIENTED_EDGE('',*,*,#783,.T.);
#326=ORIENTED_EDGE('',*,*,#784,.F.);
#327=ORIENTED_EDGE('',*,*,#785,.T.);
#328=ORIENTED_EDGE('',*,*,#786,.F.);
#329=ORIENTED_EDGE('',*,*,#787,.T.);
#330=ORIENTED_EDGE('',*,*,#788,.F.);
#331=ORIENTED_EDGE('',*,*,#789,.T.);
#332=ORIENTED_EDGE('',*,*,#790,.F.);
#333=ORIENTED_EDGE('',*,*,#791,.T.);
#334=ORIENTED_EDGE('',*,*,#792,.F.);
#335=ORIENTED_EDGE('',*,*,#793,.T.);
#336=ORIENTED_EDGE('',*,*,#794,.F.);
#337=ORIENTED_EDGE('',*,*,#795,.T.);
#338=ORIENTED_EDGE('',*,*,#796,.F.);
#339=ORIENTED_EDGE('',*,*,#797,.T.);
#340=ORIENTED_EDGE('',*,*,#798,.F.);
#341=ORIENTED_EDGE('',*,*,#799,.T.);
#342=ORIENTED_EDGE('',*,*,#800,.F.);
#343=ORIENTED_EDGE('',*,*,#801,.T.);
#344=ORIENTED_EDGE('',*,*,#802,.F.);
#345=ORIENTED_EDGE('',*,*,#803,.T.);
#346=ORIENTED_EDGE('',*,*,#804,.F.);
#347=ORIENTED_EDGE('',*,*,#805,.T.);
#348=ORIENTED_EDGE('',*,*,#806,.F.);
#349=ORIENTED_EDGE('',*,*,#807,.T.);
#350=ORIENTED_EDGE('',*,*,#808,.F.);
#351=ORIENTED_EDGE('',*,*,#809,.T.);
#352=ORIENTED_EDGE('',*,*,#810,.F.);
#353=ORIENTED_EDGE('',*,*,#811,.T.);
#354=ORIENTED_EDGE('',*,*,#812,.F.);
#355=ORIENTED_EDGE('',*,*,#813,.T.);
#356=ORIENTED_EDGE('',*,*,#814,.F.);
#357=ORIENTED_EDGE('',*,*,#815,.T.);
#358=ORIENTED_EDGE('',*,*,#816,.F.);
#359=ORIENTED_EDGE('',*,*,#817,.T.);
#360=ORIENTED_EDGE('',*,*,#818,.F.);
#361=ORIENTED_EDGE('',*,*,#819,.T.);
#362=ORIENTED_EDGE('',*,*,#820,.F.);
#363=ORIENTED_EDGE('',*,*,#821,.T.);
#364=ORIENTED_EDGE('',*,*,#822,.F.);
#365=ORIENTED_EDGE('',*,*,#823,.T.);
#366=ORIENTED_EDGE('',*,*,#824,.F.);
#367=ORIENTED_EDGE('',*,*,#825,.T.);
#368=ORIENTED_EDGE('',*,*,#826,.F.);
#369=ORIENTED_EDGE('',*,*,#827,.T.);
#370=ORIENTED_EDGE('',*,*,#828,.F.);
#371=ORIENTED_EDGE('',*,*,#829,.T.);
#372=ORIENTED_EDGE('',*,*,#830,.F.);
#373=ORIENTED_EDGE('',*,*,#831,.T.);
#374=ORIENTED_EDGE('',*,*,#832,.F.);
#375=ORIENTED_EDGE('',*,*,#833,.T.);
#376=ORIENTED_EDGE('',*,*,#834,.F.);
#377=ORIENTED_EDGE('',*,*,#835,.T.);
#378=ORIENTED_EDGE('',*,*,#836,.F.);
#379=ORIENTED_EDGE('',*,*,#837,.T.);
#380=ORIENTED_EDGE('',*,*,#838,.F.);
#381=ORIENTED_EDGE('',*,*,#839,.T.);
#382=ORIENTED_EDGE('',*,*,#840,.F.);
#383=ORIENTED_EDGE('',*,*,#841,.T.);
#384=ORIENTED_EDGE('',*,*,#842,.F.);
#385=ORIENTED_EDGE('',*,*,#843,.T.);
#386=ORIENTED_EDGE('',*,*,#844,.F.);
#387=ORIENTED_EDGE('',*,*,#845,.T.);
#388=ORIENTED_EDGE('',*,*,#846,.F.);
#389=ORIENTED_EDGE('',*,*,#847,.T.);
#390=ORIENTED_EDGE('',*,*,#848,.F.);
#391=ORIENTED_EDGE('',*,*,#849,.T.);
#392=ORIENTED_EDGE('',*,*,#850,.F.);
#393=ORIENTED_EDGE('',*,*,#851,.T.);
#394=ORIENTED_EDGE('',*,*,#852,.F.);
#395=ORIENTED_EDGE('',*,*,#853,.T.);
#396=ORIENTED_EDGE('',*,*,#854,.F.);
#397=ORIENTED_EDGE('',*,*,#855,.T.);
#398=ORIENTED_EDGE('',*,*,#856,.F.);
#399=ORIENTED_EDGE('',*,*,#857,.T.);
#400=ORIENTED_EDGE('',*,*,#858,.F.);
#401=ORIENTED_EDGE('',*,*,#859,.T.);
#402=ORIENTED_EDGE('',*,*,#860,.F.);
#403=ORIENTED_EDGE('',*,*,#861,.T.);
#404=ORIENTED_EDGE('',*,*,#862,.F.);
#405=ORIENTED_EDGE('',*,*,#863,.T.);
#406=ORIENTED_EDGE('',*,*,#864,.F.);
#407=ORIENTED_EDGE('',*,*,#865,.T.);
#408=ORIENTED_EDGE('',*,*,#866,.F.);
#409=ORIENTED_EDGE('',*,*,#867,.T.);
#410=ORIENTED_EDGE('',*,*,#868,.F.);
#411=ORIENTED_EDGE('',*,*,#869,.T.);
#412=ORIENTED_EDGE('',*,*,#870,.F.);
#413=ORIENTED_EDGE('',*,*,#871,.T.);
#414=ORIENTED_EDGE('',*,*,#872,.F.);
#415=ORIENTED_EDGE('',*,*,#873,.T.);
#416=ORIENTED_EDGE('',*,*,#874,.F.);
#417=ORIENTED_EDGE('',*,*,#875,.T.);
#418=ORIENTED_EDGE('',*,*,#876,.F.);
#419=ORIENTED_EDGE('',*,*,#877,.T.);
#420=ORIENTED_EDGE('',*,*,#878,.F.);
#421=ORIENTED_EDGE('',*,*,#879,.T.);
#422=ORIENTED_EDGE('',*,*,#880,.F.);
#423=ORIENTED_EDGE('',*,*,#881,.T.);
#424=ORIENTED_EDGE('',*,*,#882,.F.);
#425=ORIENTED_EDGE('',*,*,#883,.T.);
#426=ORIENTED_EDGE('',*,*,#884,.F.);
#427=ORIENTED_EDGE('',*,*,#885,.T.);
#428=ORIENTED_EDGE('',*,*,#886,.F.);
#429=ORIENTED_EDGE('',*,*,#887,.T.);
#430=ORIENTED_EDGE('',*,*,#888,.F.);
#431=ORIENTED_EDGE('',*,*,#889,.T.);
#432=ORIENTED_EDGE('',*,*,#890,.F.);
#433=ORIENTED_EDGE('',*,*,#891,.T.);
#434=ORIENTED_EDGE('',*,*,#892,.F.);
#435=ORIENTED_EDGE('',*,*,#893,.F.);
#436=ORIENTED_EDGE('',*,*,#894,.T.);
#437=ORIENTED_EDGE('',*,*,#895,.T.);
#438=ORIENTED_EDGE('',*,*,#896,.T.);
#439=ORIENTED_EDGE('',*,*,#743,.T.);
#440=ORIENTED_EDGE('',*,*,#897,.T.);
#441=ORIENTED_EDGE('',*,*,#745,.T.);
#442=ORIENTED_EDGE('',*,*,#898,.T.);
#443=ORIENTED_EDGE('',*,*,#895,.F.);
#444=ORIENTED_EDGE('',*,*,#899,.T.);
#445=ORIENTED_EDGE('',*,*,#727,.F.);
#446=ORIENTED_EDGE('',*,*,#900,.F.);
#447=ORIENTED_EDGE('',*,*,#901,.F.);
#448=ORIENTED_EDGE('',*,*,#902,.T.);
#449=ORIENTED_EDGE('',*,*,#903,.T.);
#450=ORIENTED_EDGE('',*,*,#904,.T.);
#451=ORIENTED_EDGE('',*,*,#739,.F.);
#452=ORIENTED_EDGE('',*,*,#905,.T.);
#453=ORIENTED_EDGE('',*,*,#891,.F.);
#454=ORIENTED_EDGE('',*,*,#889,.F.);
#455=ORIENTED_EDGE('',*,*,#887,.F.);
#456=ORIENTED_EDGE('',*,*,#885,.F.);
#457=ORIENTED_EDGE('',*,*,#883,.F.);
#458=ORIENTED_EDGE('',*,*,#881,.F.);
#459=ORIENTED_EDGE('',*,*,#879,.F.);
#460=ORIENTED_EDGE('',*,*,#877,.F.);
#461=ORIENTED_EDGE('',*,*,#875,.F.);
#462=ORIENTED_EDGE('',*,*,#873,.F.);
#463=ORIENTED_EDGE('',*,*,#871,.F.);
#464=ORIENTED_EDGE('',*,*,#869,.F.);
#465=ORIENTED_EDGE('',*,*,#867,.F.);
#466=ORIENTED_EDGE('',*,*,#865,.F.);
#467=ORIENTED_EDGE('',*,*,#863,.F.);
#468=ORIENTED_EDGE('',*,*,#861,.F.);
#469=ORIENTED_EDGE('',*,*,#859,.F.);
#470=ORIENTED_EDGE('',*,*,#857,.F.);
#471=ORIENTED_EDGE('',*,*,#855,.F.);
#472=ORIENTED_EDGE('',*,*,#853,.F.);
#473=ORIENTED_EDGE('',*,*,#851,.F.);
#474=ORIENTED_EDGE('',*,*,#849,.F.);
#475=ORIENTED_EDGE('',*,*,#847,.F.);
#476=ORIENTED_EDGE('',*,*,#845,.F.);
#477=ORIENTED_EDGE('',*,*,#843,.F.);
#478=ORIENTED_EDGE('',*,*,#841,.F.);
#479=ORIENTED_EDGE('',*,*,#839,.F.);
#480=ORIENTED_EDGE('',*,*,#837,.F.);
#481=ORIENTED_EDGE('',*,*,#835,.F.);
#482=ORIENTED_EDGE('',*,*,#833,.F.);
#483=ORIENTED_EDGE('',*,*,#831,.F.);
#484=ORIENTED_EDGE('',*,*,#829,.F.);
#485=ORIENTED_EDGE('',*,*,#827,.F.);
#486=ORIENTED_EDGE('',*,*,#825,.F.);
#487=ORIENTED_EDGE('',*,*,#823,.F.);
#488=ORIENTED_EDGE('',*,*,#821,.F.);
#489=ORIENTED_EDGE('',*,*,#819,.F.);
#490=ORIENTED_EDGE('',*,*,#817,.F.);
#491=ORIENTED_EDGE('',*,*,#815,.F.);
#492=ORIENTED_EDGE('',*,*,#813,.F.);
#493=ORIENTED_EDGE('',*,*,#811,.F.);
#494=ORIENTED_EDGE('',*,*,#809,.F.);
#495=ORIENTED_EDGE('',*,*,#807,.F.);
#496=ORIENTED_EDGE('',*,*,#805,.F.);
#497=ORIENTED_EDGE('',*,*,#803,.F.);
#498=ORIENTED_EDGE('',*,*,#801,.F.);
#499=ORIENTED_EDGE('',*,*,#799,.F.);
#500=ORIENTED_EDGE('',*,*,#797,.F.);
#501=ORIENTED_EDGE('',*,*,#795,.F.);
#502=ORIENTED_EDGE('',*,*,#793,.F.);
#503=ORIENTED_EDGE('',*,*,#791,.F.);
#504=ORIENTED_EDGE('',*,*,#789,.F.);
#505=ORIENTED_EDGE('',*,*,#787,.F.);
#506=ORIENTED_EDGE('',*,*,#785,.F.);
#507=ORIENTED_EDGE('',*,*,#783,.F.);
#508=ORIENTED_EDGE('',*,*,#781,.F.);
#509=ORIENTED_EDGE('',*,*,#779,.F.);
#510=ORIENTED_EDGE('',*,*,#777,.F.);
#511=ORIENTED_EDGE('',*,*,#775,.F.);
#512=ORIENTED_EDGE('',*,*,#773,.F.);
#513=ORIENTED_EDGE('',*,*,#771,.F.);
#514=ORIENTED_EDGE('',*,*,#769,.F.);
#515=ORIENTED_EDGE('',*,*,#767,.F.);
#516=ORIENTED_EDGE('',*,*,#765,.F.);
#517=ORIENTED_EDGE('',*,*,#763,.F.);
#518=ORIENTED_EDGE('',*,*,#761,.F.);
#519=ORIENTED_EDGE('',*,*,#759,.F.);
#520=ORIENTED_EDGE('',*,*,#757,.F.);
#521=ORIENTED_EDGE('',*,*,#755,.F.);
#522=ORIENTED_EDGE('',*,*,#753,.F.);
#523=ORIENTED_EDGE('',*,*,#751,.F.);
#524=ORIENTED_EDGE('',*,*,#749,.F.);
#525=ORIENTED_EDGE('',*,*,#906,.T.);
#526=ORIENTED_EDGE('',*,*,#736,.F.);
#527=ORIENTED_EDGE('',*,*,#907,.F.);
#528=ORIENTED_EDGE('',*,*,#908,.F.);
#529=ORIENTED_EDGE('',*,*,#909,.T.);
#530=ORIENTED_EDGE('',*,*,#910,.T.);
#531=ORIENTED_EDGE('',*,*,#911,.T.);
#532=ORIENTED_EDGE('',*,*,#912,.T.);
#533=ORIENTED_EDGE('',*,*,#913,.T.);
#534=ORIENTED_EDGE('',*,*,#914,.T.);
#535=ORIENTED_EDGE('',*,*,#915,.F.);
#536=ORIENTED_EDGE('',*,*,#916,.T.);
#537=ORIENTED_EDGE('',*,*,#747,.F.);
#538=ORIENTED_EDGE('',*,*,#917,.T.);
#539=ORIENTED_EDGE('',*,*,#741,.F.);
#540=ORIENTED_EDGE('',*,*,#918,.T.);
#541=ORIENTED_EDGE('',*,*,#737,.T.);
#542=ORIENTED_EDGE('',*,*,#919,.F.);
#543=ORIENTED_EDGE('',*,*,#920,.F.);
#544=ORIENTED_EDGE('',*,*,#921,.F.);
#545=ORIENTED_EDGE('',*,*,#922,.T.);
#546=ORIENTED_EDGE('',*,*,#923,.T.);
#547=ORIENTED_EDGE('',*,*,#729,.T.);
#548=ORIENTED_EDGE('',*,*,#924,.T.);
#549=ORIENTED_EDGE('',*,*,#893,.T.);
#550=ORIENTED_EDGE('',*,*,#925,.T.);
#551=ORIENTED_EDGE('',*,*,#892,.T.);
#552=ORIENTED_EDGE('',*,*,#890,.T.);
#553=ORIENTED_EDGE('',*,*,#888,.T.);
#554=ORIENTED_EDGE('',*,*,#886,.T.);
#555=ORIENTED_EDGE('',*,*,#884,.T.);
#556=ORIENTED_EDGE('',*,*,#882,.T.);
#557=ORIENTED_EDGE('',*,*,#880,.T.);
#558=ORIENTED_EDGE('',*,*,#878,.T.);
#559=ORIENTED_EDGE('',*,*,#876,.T.);
#560=ORIENTED_EDGE('',*,*,#874,.T.);
#561=ORIENTED_EDGE('',*,*,#872,.T.);
#562=ORIENTED_EDGE('',*,*,#870,.T.);
#563=ORIENTED_EDGE('',*,*,#868,.T.);
#564=ORIENTED_EDGE('',*,*,#866,.T.);
#565=ORIENTED_EDGE('',*,*,#864,.T.);
#566=ORIENTED_EDGE('',*,*,#862,.T.);
#567=ORIENTED_EDGE('',*,*,#860,.T.);
#568=ORIENTED_EDGE('',*,*,#858,.T.);
#569=ORIENTED_EDGE('',*,*,#856,.T.);
#570=ORIENTED_EDGE('',*,*,#854,.T.);
#571=ORIENTED_EDGE('',*,*,#852,.T.);
#572=ORIENTED_EDGE('',*,*,#850,.T.);
#573=ORIENTED_EDGE('',*,*,#848,.T.);
#574=ORIENTED_EDGE('',*,*,#846,.T.);
#575=ORIENTED_EDGE('',*,*,#844,.T.);
#576=ORIENTED_EDGE('',*,*,#842,.T.);
#577=ORIENTED_EDGE('',*,*,#840,.T.);
#578=ORIENTED_EDGE('',*,*,#838,.T.);
#579=ORIENTED_EDGE('',*,*,#836,.T.);
#580=ORIENTED_EDGE('',*,*,#834,.T.);
#581=ORIENTED_EDGE('',*,*,#832,.T.);
#582=ORIENTED_EDGE('',*,*,#830,.T.);
#583=ORIENTED_EDGE('',*,*,#828,.T.);
#584=ORIENTED_EDGE('',*,*,#826,.T.);
#585=ORIENTED_EDGE('',*,*,#824,.T.);
#586=ORIENTED_EDGE('',*,*,#822,.T.);
#587=ORIENTED_EDGE('',*,*,#820,.T.);
#588=ORIENTED_EDGE('',*,*,#818,.T.);
#589=ORIENTED_EDGE('',*,*,#816,.T.);
#590=ORIENTED_EDGE('',*,*,#814,.T.);
#591=ORIENTED_EDGE('',*,*,#812,.T.);
#592=ORIENTED_EDGE('',*,*,#810,.T.);
#593=ORIENTED_EDGE('',*,*,#808,.T.);
#594=ORIENTED_EDGE('',*,*,#806,.T.);
#595=ORIENTED_EDGE('',*,*,#804,.T.);
#596=ORIENTED_EDGE('',*,*,#802,.T.);
#597=ORIENTED_EDGE('',*,*,#800,.T.);
#598=ORIENTED_EDGE('',*,*,#798,.T.);
#599=ORIENTED_EDGE('',*,*,#796,.T.);
#600=ORIENTED_EDGE('',*,*,#794,.T.);
#601=ORIENTED_EDGE('',*,*,#792,.T.);
#602=ORIENTED_EDGE('',*,*,#790,.T.);
#603=ORIENTED_EDGE('',*,*,#788,.T.);
#604=ORIENTED_EDGE('',*,*,#786,.T.);
#605=ORIENTED_EDGE('',*,*,#784,.T.);
#606=ORIENTED_EDGE('',*,*,#782,.T.);
#607=ORIENTED_EDGE('',*,*,#780,.T.);
#608=ORIENTED_EDGE('',*,*,#778,.T.);
#609=ORIENTED_EDGE('',*,*,#776,.T.);
#610=ORIENTED_EDGE('',*,*,#774,.T.);
#611=ORIENTED_EDGE('',*,*,#772,.T.);
#612=ORIENTED_EDGE('',*,*,#770,.T.);
#613=ORIENTED_EDGE('',*,*,#768,.T.);
#614=ORIENTED_EDGE('',*,*,#766,.T.);
#615=ORIENTED_EDGE('',*,*,#764,.T.);
#616=ORIENTED_EDGE('',*,*,#762,.T.);
#617=ORIENTED_EDGE('',*,*,#760,.T.);
#618=ORIENTED_EDGE('',*,*,#758,.T.);
#619=ORIENTED_EDGE('',*,*,#756,.T.);
#620=ORIENTED_EDGE('',*,*,#754,.T.);
#621=ORIENTED_EDGE('',*,*,#752,.T.);
#622=ORIENTED_EDGE('',*,*,#750,.T.);
#623=ORIENTED_EDGE('',*,*,#907,.T.);
#624=ORIENTED_EDGE('',*,*,#735,.F.);
#625=ORIENTED_EDGE('',*,*,#909,.F.);
#626=ORIENTED_EDGE('',*,*,#926,.T.);
#627=ORIENTED_EDGE('',*,*,#908,.T.);
#628=ORIENTED_EDGE('',*,*,#926,.F.);
#629=ORIENTED_EDGE('',*,*,#916,.F.);
#630=ORIENTED_EDGE('',*,*,#927,.T.);
#631=ORIENTED_EDGE('',*,*,#906,.F.);
#632=ORIENTED_EDGE('',*,*,#927,.F.);
#633=ORIENTED_EDGE('',*,*,#915,.T.);
#634=ORIENTED_EDGE('',*,*,#731,.T.);
#635=ORIENTED_EDGE('',*,*,#900,.T.);
#636=ORIENTED_EDGE('',*,*,#730,.F.);
#637=ORIENTED_EDGE('',*,*,#923,.F.);
#638=ORIENTED_EDGE('',*,*,#928,.T.);
#639=ORIENTED_EDGE('',*,*,#901,.T.);
#640=ORIENTED_EDGE('',*,*,#928,.F.);
#641=ORIENTED_EDGE('',*,*,#922,.F.);
#642=ORIENTED_EDGE('',*,*,#929,.T.);
#643=ORIENTED_EDGE('',*,*,#902,.F.);
#644=ORIENTED_EDGE('',*,*,#929,.F.);
#645=ORIENTED_EDGE('',*,*,#921,.T.);
#646=ORIENTED_EDGE('',*,*,#930,.T.);
#647=ORIENTED_EDGE('',*,*,#903,.F.);
#648=ORIENTED_EDGE('',*,*,#930,.F.);
#649=ORIENTED_EDGE('',*,*,#920,.T.);
#650=ORIENTED_EDGE('',*,*,#931,.T.);
#651=ORIENTED_EDGE('',*,*,#904,.F.);
#652=ORIENTED_EDGE('',*,*,#931,.F.);
#653=ORIENTED_EDGE('',*,*,#919,.T.);
#654=ORIENTED_EDGE('',*,*,#740,.T.);
#655=ORIENTED_EDGE('',*,*,#897,.F.);
#656=ORIENTED_EDGE('',*,*,#742,.F.);
#657=ORIENTED_EDGE('',*,*,#917,.F.);
#658=ORIENTED_EDGE('',*,*,#746,.F.);
#659=ORIENTED_EDGE('',*,*,#905,.F.);
#660=ORIENTED_EDGE('',*,*,#738,.F.);
#661=ORIENTED_EDGE('',*,*,#918,.F.);
#662=ORIENTED_EDGE('',*,*,#744,.F.);
#663=ORIENTED_EDGE('',*,*,#899,.F.);
#664=ORIENTED_EDGE('',*,*,#894,.F.);
#665=ORIENTED_EDGE('',*,*,#924,.F.);
#666=ORIENTED_EDGE('',*,*,#728,.F.);
#667=ORIENTED_EDGE('',*,*,#898,.F.);
#668=ORIENTED_EDGE('',*,*,#748,.F.);
#669=ORIENTED_EDGE('',*,*,#925,.F.);
#670=ORIENTED_EDGE('',*,*,#896,.F.);
#671=ORIENTED_EDGE('',*,*,#932,.T.);
#672=ORIENTED_EDGE('',*,*,#933,.T.);
#673=ORIENTED_EDGE('',*,*,#910,.F.);
#674=ORIENTED_EDGE('',*,*,#734,.F.);
#675=ORIENTED_EDGE('',*,*,#934,.T.);
#676=ORIENTED_EDGE('',*,*,#935,.F.);
#677=ORIENTED_EDGE('',*,*,#914,.F.);
#678=ORIENTED_EDGE('',*,*,#936,.T.);
#679=ORIENTED_EDGE('',*,*,#937,.T.);
#680=ORIENTED_EDGE('',*,*,#938,.T.);
#681=ORIENTED_EDGE('',*,*,#939,.T.);
#682=ORIENTED_EDGE('',*,*,#732,.T.);
#683=ORIENTED_EDGE('',*,*,#912,.F.);
#684=ORIENTED_EDGE('',*,*,#940,.T.);
#685=ORIENTED_EDGE('',*,*,#941,.T.);
#686=ORIENTED_EDGE('',*,*,#942,.T.);
#687=ORIENTED_EDGE('',*,*,#934,.F.);
#688=ORIENTED_EDGE('',*,*,#733,.T.);
#689=ORIENTED_EDGE('',*,*,#939,.F.);
#690=ORIENTED_EDGE('',*,*,#943,.F.);
#691=ORIENTED_EDGE('',*,*,#944,.F.);
#692=ORIENTED_EDGE('',*,*,#945,.T.);
#693=ORIENTED_EDGE('',*,*,#935,.T.);
#694=ORIENTED_EDGE('',*,*,#943,.T.);
#695=ORIENTED_EDGE('',*,*,#938,.F.);
#696=ORIENTED_EDGE('',*,*,#946,.T.);
#697=ORIENTED_EDGE('',*,*,#947,.T.);
#698=ORIENTED_EDGE('',*,*,#948,.T.);
#699=ORIENTED_EDGE('',*,*,#944,.T.);
#700=ORIENTED_EDGE('',*,*,#949,.T.);
#701=ORIENTED_EDGE('',*,*,#913,.F.);
#702=ORIENTED_EDGE('',*,*,#942,.F.);
#703=ORIENTED_EDGE('',*,*,#950,.F.);
#704=ORIENTED_EDGE('',*,*,#936,.F.);
#705=ORIENTED_EDGE('',*,*,#946,.F.);
#706=ORIENTED_EDGE('',*,*,#937,.F.);
#707=ORIENTED_EDGE('',*,*,#951,.F.);
#708=ORIENTED_EDGE('',*,*,#949,.F.);
#709=ORIENTED_EDGE('',*,*,#951,.T.);
#710=ORIENTED_EDGE('',*,*,#950,.T.);
#711=ORIENTED_EDGE('',*,*,#952,.F.);
#712=ORIENTED_EDGE('',*,*,#952,.T.);
#713=ORIENTED_EDGE('',*,*,#941,.F.);
#714=ORIENTED_EDGE('',*,*,#953,.F.);
#715=ORIENTED_EDGE('',*,*,#947,.F.);
#716=ORIENTED_EDGE('',*,*,#945,.F.);
#717=ORIENTED_EDGE('',*,*,#948,.F.);
#718=ORIENTED_EDGE('',*,*,#954,.F.);
#719=ORIENTED_EDGE('',*,*,#932,.F.);
#720=ORIENTED_EDGE('',*,*,#954,.T.);
#721=ORIENTED_EDGE('',*,*,#953,.T.);
#722=ORIENTED_EDGE('',*,*,#955,.F.);
#723=ORIENTED_EDGE('',*,*,#955,.T.);
#724=ORIENTED_EDGE('',*,*,#940,.F.);
#725=ORIENTED_EDGE('',*,*,#911,.F.);
#726=ORIENTED_EDGE('',*,*,#933,.F.);
#727=EDGE_CURVE('',#956,#957,#1154,.T.);
#728=EDGE_CURVE('',#957,#958,#1155,.T.);
#729=EDGE_CURVE('',#959,#958,#1156,.T.);
#730=EDGE_CURVE('',#959,#956,#1157,.T.);
#731=EDGE_CURVE('',#960,#961,#1158,.T.);
#732=EDGE_CURVE('',#962,#960,#1159,.T.);
#733=EDGE_CURVE('',#963,#962,#1160,.T.);
#734=EDGE_CURVE('',#963,#964,#1161,.T.);
#735=EDGE_CURVE('',#964,#965,#1162,.T.);
#736=EDGE_CURVE('',#965,#961,#1163,.T.);
#737=EDGE_CURVE('',#966,#967,#1164,.T.);
#738=EDGE_CURVE('',#966,#968,#1165,.F.);
#739=EDGE_CURVE('',#968,#969,#1166,.T.);
#740=EDGE_CURVE('',#967,#969,#1167,.T.);
#741=EDGE_CURVE('',#970,#971,#1168,.T.);
#742=EDGE_CURVE('',#971,#972,#1169,.F.);
#743=EDGE_CURVE('',#973,#972,#1170,.T.);
#744=EDGE_CURVE('',#973,#970,#1171,.T.);
#745=EDGE_CURVE('',#974,#975,#1172,.T.);
#746=EDGE_CURVE('',#974,#976,#1173,.T.);
#747=EDGE_CURVE('',#976,#977,#1174,.T.);
#748=EDGE_CURVE('',#977,#975,#1175,.F.);
#749=EDGE_CURVE('',#978,#978,#14,.T.);
#750=EDGE_CURVE('',#979,#979,#15,.T.);
#751=EDGE_CURVE('',#980,#980,#16,.T.);
#752=EDGE_CURVE('',#981,#981,#17,.T.);
#753=EDGE_CURVE('',#982,#982,#18,.T.);
#754=EDGE_CURVE('',#983,#983,#19,.T.);
#755=EDGE_CURVE('',#984,#984,#20,.T.);
#756=EDGE_CURVE('',#985,#985,#21,.T.);
#757=EDGE_CURVE('',#986,#986,#22,.T.);
#758=EDGE_CURVE('',#987,#987,#23,.T.);
#759=EDGE_CURVE('',#988,#988,#24,.T.);
#760=EDGE_CURVE('',#989,#989,#25,.T.);
#761=EDGE_CURVE('',#990,#990,#26,.T.);
#762=EDGE_CURVE('',#991,#991,#27,.T.);
#763=EDGE_CURVE('',#992,#992,#28,.T.);
#764=EDGE_CURVE('',#993,#993,#29,.T.);
#765=EDGE_CURVE('',#994,#994,#30,.T.);
#766=EDGE_CURVE('',#995,#995,#31,.T.);
#767=EDGE_CURVE('',#996,#996,#32,.T.);
#768=EDGE_CURVE('',#997,#997,#33,.T.);
#769=EDGE_CURVE('',#998,#998,#34,.T.);
#770=EDGE_CURVE('',#999,#999,#35,.T.);
#771=EDGE_CURVE('',#1000,#1000,#36,.T.);
#772=EDGE_CURVE('',#1001,#1001,#37,.T.);
#773=EDGE_CURVE('',#1002,#1002,#38,.T.);
#774=EDGE_CURVE('',#1003,#1003,#39,.T.);
#775=EDGE_CURVE('',#1004,#1004,#40,.T.);
#776=EDGE_CURVE('',#1005,#1005,#41,.T.);
#777=EDGE_CURVE('',#1006,#1006,#42,.T.);
#778=EDGE_CURVE('',#1007,#1007,#43,.T.);
#779=EDGE_CURVE('',#1008,#1008,#44,.T.);
#780=EDGE_CURVE('',#1009,#1009,#45,.T.);
#781=EDGE_CURVE('',#1010,#1010,#46,.T.);
#782=EDGE_CURVE('',#1011,#1011,#47,.T.);
#783=EDGE_CURVE('',#1012,#1012,#48,.T.);
#784=EDGE_CURVE('',#1013,#1013,#49,.T.);
#785=EDGE_CURVE('',#1014,#1014,#50,.T.);
#786=EDGE_CURVE('',#1015,#1015,#51,.T.);
#787=EDGE_CURVE('',#1016,#1016,#52,.T.);
#788=EDGE_CURVE('',#1017,#1017,#53,.T.);
#789=EDGE_CURVE('',#1018,#1018,#54,.T.);
#790=EDGE_CURVE('',#1019,#1019,#55,.T.);
#791=EDGE_CURVE('',#1020,#1020,#56,.T.);
#792=EDGE_CURVE('',#1021,#1021,#57,.T.);
#793=EDGE_CURVE('',#1022,#1022,#58,.T.);
#794=EDGE_CURVE('',#1023,#1023,#59,.T.);
#795=EDGE_CURVE('',#1024,#1024,#60,.T.);
#796=EDGE_CURVE('',#1025,#1025,#61,.T.);
#797=EDGE_CURVE('',#1026,#1026,#62,.T.);
#798=EDGE_CURVE('',#1027,#1027,#63,.T.);
#799=EDGE_CURVE('',#1028,#1028,#64,.T.);
#800=EDGE_CURVE('',#1029,#1029,#65,.T.);
#801=EDGE_CURVE('',#1030,#1030,#66,.T.);
#802=EDGE_CURVE('',#1031,#1031,#67,.T.);
#803=EDGE_CURVE('',#1032,#1032,#68,.T.);
#804=EDGE_CURVE('',#1033,#1033,#69,.T.);
#805=EDGE_CURVE('',#1034,#1034,#70,.T.);
#806=EDGE_CURVE('',#1035,#1035,#71,.T.);
#807=EDGE_CURVE('',#1036,#1036,#72,.T.);
#808=EDGE_CURVE('',#1037,#1037,#73,.T.);
#809=EDGE_CURVE('',#1038,#1038,#74,.T.);
#810=EDGE_CURVE('',#1039,#1039,#75,.T.);
#811=EDGE_CURVE('',#1040,#1040,#76,.T.);
#812=EDGE_CURVE('',#1041,#1041,#77,.T.);
#813=EDGE_CURVE('',#1042,#1042,#78,.T.);
#814=EDGE_CURVE('',#1043,#1043,#79,.T.);
#815=EDGE_CURVE('',#1044,#1044,#80,.T.);
#816=EDGE_CURVE('',#1045,#1045,#81,.T.);
#817=EDGE_CURVE('',#1046,#1046,#82,.T.);
#818=EDGE_CURVE('',#1047,#1047,#83,.T.);
#819=EDGE_CURVE('',#1048,#1048,#84,.T.);
#820=EDGE_CURVE('',#1049,#1049,#85,.T.);
#821=EDGE_CURVE('',#1050,#1050,#86,.T.);
#822=EDGE_CURVE('',#1051,#1051,#87,.T.);
#823=EDGE_CURVE('',#1052,#1052,#88,.T.);
#824=EDGE_CURVE('',#1053,#1053,#89,.T.);
#825=EDGE_CURVE('',#1054,#1054,#90,.T.);
#826=EDGE_CURVE('',#1055,#1055,#91,.T.);
#827=EDGE_CURVE('',#1056,#1056,#92,.T.);
#828=EDGE_CURVE('',#1057,#1057,#93,.T.);
#829=EDGE_CURVE('',#1058,#1058,#94,.T.);
#830=EDGE_CURVE('',#1059,#1059,#95,.T.);
#831=EDGE_CURVE('',#1060,#1060,#96,.T.);
#832=EDGE_CURVE('',#1061,#1061,#97,.T.);
#833=EDGE_CURVE('',#1062,#1062,#98,.T.);
#834=EDGE_CURVE('',#1063,#1063,#99,.T.);
#835=EDGE_CURVE('',#1064,#1064,#100,.T.);
#836=EDGE_CURVE('',#1065,#1065,#101,.T.);
#837=EDGE_CURVE('',#1066,#1066,#102,.T.);
#838=EDGE_CURVE('',#1067,#1067,#103,.T.);
#839=EDGE_CURVE('',#1068,#1068,#104,.T.);
#840=EDGE_CURVE('',#1069,#1069,#105,.T.);
#841=EDGE_CURVE('',#1070,#1070,#106,.T.);
#842=EDGE_CURVE('',#1071,#1071,#107,.T.);
#843=EDGE_CURVE('',#1072,#1072,#108,.T.);
#844=EDGE_CURVE('',#1073,#1073,#109,.T.);
#845=EDGE_CURVE('',#1074,#1074,#110,.T.);
#846=EDGE_CURVE('',#1075,#1075,#111,.T.);
#847=EDGE_CURVE('',#1076,#1076,#112,.T.);
#848=EDGE_CURVE('',#1077,#1077,#113,.T.);
#849=EDGE_CURVE('',#1078,#1078,#114,.T.);
#850=EDGE_CURVE('',#1079,#1079,#115,.T.);
#851=EDGE_CURVE('',#1080,#1080,#116,.T.);
#852=EDGE_CURVE('',#1081,#1081,#117,.T.);
#853=EDGE_CURVE('',#1082,#1082,#118,.T.);
#854=EDGE_CURVE('',#1083,#1083,#119,.T.);
#855=EDGE_CURVE('',#1084,#1084,#120,.T.);
#856=EDGE_CURVE('',#1085,#1085,#121,.T.);
#857=EDGE_CURVE('',#1086,#1086,#122,.T.);
#858=EDGE_CURVE('',#1087,#1087,#123,.T.);
#859=EDGE_CURVE('',#1088,#1088,#124,.T.);
#860=EDGE_CURVE('',#1089,#1089,#125,.T.);
#861=EDGE_CURVE('',#1090,#1090,#126,.T.);
#862=EDGE_CURVE('',#1091,#1091,#127,.T.);
#863=EDGE_CURVE('',#1092,#1092,#128,.T.);
#864=EDGE_CURVE('',#1093,#1093,#129,.T.);
#865=EDGE_CURVE('',#1094,#1094,#130,.T.);
#866=EDGE_CURVE('',#1095,#1095,#131,.T.);
#867=EDGE_CURVE('',#1096,#1096,#132,.T.);
#868=EDGE_CURVE('',#1097,#1097,#133,.T.);
#869=EDGE_CURVE('',#1098,#1098,#134,.T.);
#870=EDGE_CURVE('',#1099,#1099,#135,.T.);
#871=EDGE_CURVE('',#1100,#1100,#136,.T.);
#872=EDGE_CURVE('',#1101,#1101,#137,.T.);
#873=EDGE_CURVE('',#1102,#1102,#138,.T.);
#874=EDGE_CURVE('',#1103,#1103,#139,.T.);
#875=EDGE_CURVE('',#1104,#1104,#140,.T.);
#876=EDGE_CURVE('',#1105,#1105,#141,.T.);
#877=EDGE_CURVE('',#1106,#1106,#142,.T.);
#878=EDGE_CURVE('',#1107,#1107,#143,.T.);
#879=EDGE_CURVE('',#1108,#1108,#144,.T.);
#880=EDGE_CURVE('',#1109,#1109,#145,.T.);
#881=EDGE_CURVE('',#1110,#1110,#146,.T.);
#882=EDGE_CURVE('',#1111,#1111,#147,.T.);
#883=EDGE_CURVE('',#1112,#1112,#148,.T.);
#884=EDGE_CURVE('',#1113,#1113,#149,.T.);
#885=EDGE_CURVE('',#1114,#1114,#150,.T.);
#886=EDGE_CURVE('',#1115,#1115,#151,.T.);
#887=EDGE_CURVE('',#1116,#1116,#152,.T.);
#888=EDGE_CURVE('',#1117,#1117,#153,.T.);
#889=EDGE_CURVE('',#1118,#1118,#154,.T.);
#890=EDGE_CURVE('',#1119,#1119,#155,.T.);
#891=EDGE_CURVE('',#1120,#1120,#156,.T.);
#892=EDGE_CURVE('',#1121,#1121,#157,.T.);
#893=EDGE_CURVE('',#1122,#1123,#1176,.T.);
#894=EDGE_CURVE('',#1122,#1124,#1177,.F.);
#895=EDGE_CURVE('',#1124,#1125,#1178,.T.);
#896=EDGE_CURVE('',#1125,#1123,#1179,.T.);
#897=EDGE_CURVE('',#972,#974,#158,.T.);
#898=EDGE_CURVE('',#975,#1125,#159,.T.);
#899=EDGE_CURVE('',#1124,#957,#160,.T.);
#900=EDGE_CURVE('',#1126,#956,#1180,.T.);
#901=EDGE_CURVE('',#1127,#1126,#161,.T.);
#902=EDGE_CURVE('',#1127,#1128,#1181,.T.);
#903=EDGE_CURVE('',#1128,#1129,#162,.T.);
#904=EDGE_CURVE('',#1129,#969,#1182,.T.);
#905=EDGE_CURVE('',#968,#973,#163,.T.);
#906=EDGE_CURVE('',#1130,#961,#164,.T.);
#907=EDGE_CURVE('',#1131,#965,#165,.T.);
#908=EDGE_CURVE('',#1130,#1131,#1183,.T.);
#909=EDGE_CURVE('',#1132,#964,#166,.T.);
#910=EDGE_CURVE('',#964,#1133,#1184,.T.);
#911=EDGE_CURVE('',#1133,#1134,#167,.T.);
#912=EDGE_CURVE('',#1134,#1135,#1185,.T.);
#913=EDGE_CURVE('',#1135,#1136,#168,.T.);
#914=EDGE_CURVE('',#1136,#960,#1186,.T.);
#915=EDGE_CURVE('',#1137,#960,#169,.T.);
#916=EDGE_CURVE('',#1137,#1132,#1187,.T.);
#917=EDGE_CURVE('',#976,#971,#170,.F.);
#918=EDGE_CURVE('',#970,#966,#171,.F.);
#919=EDGE_CURVE('',#1138,#967,#1188,.T.);
#920=EDGE_CURVE('',#1139,#1138,#172,.T.);
#921=EDGE_CURVE('',#1140,#1139,#1189,.T.);
#922=EDGE_CURVE('',#1140,#1141,#173,.T.);
#923=EDGE_CURVE('',#1141,#959,#1190,.T.);
#924=EDGE_CURVE('',#958,#1122,#174,.F.);
#925=EDGE_CURVE('',#1123,#977,#175,.F.);
#926=EDGE_CURVE('',#1132,#1131,#1191,.T.);
#927=EDGE_CURVE('',#1137,#1130,#1192,.T.);
#928=EDGE_CURVE('',#1141,#1126,#1193,.T.);
#929=EDGE_CURVE('',#1140,#1127,#1194,.T.);
#930=EDGE_CURVE('',#1139,#1128,#1195,.T.);
#931=EDGE_CURVE('',#1138,#1129,#1196,.T.);
#932=EDGE_CURVE('',#1142,#1143,#1197,.F.);
#933=EDGE_CURVE('',#1143,#1133,#1198,.T.);
#934=EDGE_CURVE('',#963,#1144,#1199,.T.);
#935=EDGE_CURVE('',#1142,#1144,#1200,.T.);
#936=EDGE_CURVE('',#1136,#1145,#1201,.F.);
#937=EDGE_CURVE('',#1145,#1146,#1202,.F.);
#938=EDGE_CURVE('',#1146,#1147,#1203,.T.);
#939=EDGE_CURVE('',#1147,#962,#1204,.T.);
#940=EDGE_CURVE('',#1134,#1148,#1205,.F.);
#941=EDGE_CURVE('',#1148,#1149,#1206,.T.);
#942=EDGE_CURVE('',#1149,#1135,#1207,.T.);
#943=EDGE_CURVE('',#1144,#1147,#1208,.T.);
#944=EDGE_CURVE('',#1150,#1151,#1209,.T.);
#945=EDGE_CURVE('',#1150,#1142,#176,.F.);
#946=EDGE_CURVE('',#1146,#1151,#177,.F.);
#947=EDGE_CURVE('',#1152,#1153,#1210,.F.);
#948=EDGE_CURVE('',#1153,#1150,#1211,.T.);
#949=EDGE_CURVE('',#1151,#1152,#1212,.T.);
#950=EDGE_CURVE('',#1145,#1149,#178,.T.);
#951=EDGE_CURVE('',#1152,#1145,#179,.T.);
#952=EDGE_CURVE('',#1152,#1149,#180,.F.);
#953=EDGE_CURVE('',#1153,#1148,#181,.T.);
#954=EDGE_CURVE('',#1143,#1153,#182,.T.);
#955=EDGE_CURVE('',#1143,#1148,#183,.F.);
#956=VERTEX_POINT('',#2943);
#957=VERTEX_POINT('',#2944);
#958=VERTEX_POINT('',#2946);
#959=VERTEX_POINT('',#2948);
#960=VERTEX_POINT('',#2952);
#961=VERTEX_POINT('',#2953);
#962=VERTEX_POINT('',#2955);
#963=VERTEX_POINT('',#2957);
#964=VERTEX_POINT('',#2959);
#965=VERTEX_POINT('',#2961);
#966=VERTEX_POINT('',#2965);
#967=VERTEX_POINT('',#2966);
#968=VERTEX_POINT('',#2968);
#969=VERTEX_POINT('',#2970);
#970=VERTEX_POINT('',#2974);
#971=VERTEX_POINT('',#2975);
#972=VERTEX_POINT('',#2977);
#973=VERTEX_POINT('',#2979);
#974=VERTEX_POINT('',#2983);
#975=VERTEX_POINT('',#2984);
#976=VERTEX_POINT('',#2986);
#977=VERTEX_POINT('',#2988);
#978=VERTEX_POINT('',#2992);
#979=VERTEX_POINT('',#2994);
#980=VERTEX_POINT('',#2997);
#981=VERTEX_POINT('',#2999);
#982=VERTEX_POINT('',#3002);
#983=VERTEX_POINT('',#3004);
#984=VERTEX_POINT('',#3007);
#985=VERTEX_POINT('',#3009);
#986=VERTEX_POINT('',#3012);
#987=VERTEX_POINT('',#3014);
#988=VERTEX_POINT('',#3017);
#989=VERTEX_POINT('',#3019);
#990=VERTEX_POINT('',#3022);
#991=VERTEX_POINT('',#3024);
#992=VERTEX_POINT('',#3027);
#993=VERTEX_POINT('',#3029);
#994=VERTEX_POINT('',#3032);
#995=VERTEX_POINT('',#3034);
#996=VERTEX_POINT('',#3037);
#997=VERTEX_POINT('',#3039);
#998=VERTEX_POINT('',#3042);
#999=VERTEX_POINT('',#3044);
#1000=VERTEX_POINT('',#3047);
#1001=VERTEX_POINT('',#3049);
#1002=VERTEX_POINT('',#3052);
#1003=VERTEX_POINT('',#3054);
#1004=VERTEX_POINT('',#3057);
#1005=VERTEX_POINT('',#3059);
#1006=VERTEX_POINT('',#3062);
#1007=VERTEX_POINT('',#3064);
#1008=VERTEX_POINT('',#3067);
#1009=VERTEX_POINT('',#3069);
#1010=VERTEX_POINT('',#3072);
#1011=VERTEX_POINT('',#3074);
#1012=VERTEX_POINT('',#3077);
#1013=VERTEX_POINT('',#3079);
#1014=VERTEX_POINT('',#3082);
#1015=VERTEX_POINT('',#3084);
#1016=VERTEX_POINT('',#3087);
#1017=VERTEX_POINT('',#3089);
#1018=VERTEX_POINT('',#3092);
#1019=VERTEX_POINT('',#3094);
#1020=VERTEX_POINT('',#3097);
#1021=VERTEX_POINT('',#3099);
#1022=VERTEX_POINT('',#3102);
#1023=VERTEX_POINT('',#3104);
#1024=VERTEX_POINT('',#3107);
#1025=VERTEX_POINT('',#3109);
#1026=VERTEX_POINT('',#3112);
#1027=VERTEX_POINT('',#3114);
#1028=VERTEX_POINT('',#3117);
#1029=VERTEX_POINT('',#3119);
#1030=VERTEX_POINT('',#3122);
#1031=VERTEX_POINT('',#3124);
#1032=VERTEX_POINT('',#3127);
#1033=VERTEX_POINT('',#3129);
#1034=VERTEX_POINT('',#3132);
#1035=VERTEX_POINT('',#3134);
#1036=VERTEX_POINT('',#3137);
#1037=VERTEX_POINT('',#3139);
#1038=VERTEX_POINT('',#3142);
#1039=VERTEX_POINT('',#3144);
#1040=VERTEX_POINT('',#3147);
#1041=VERTEX_POINT('',#3149);
#1042=VERTEX_POINT('',#3152);
#1043=VERTEX_POINT('',#3154);
#1044=VERTEX_POINT('',#3157);
#1045=VERTEX_POINT('',#3159);
#1046=VERTEX_POINT('',#3162);
#1047=VERTEX_POINT('',#3164);
#1048=VERTEX_POINT('',#3167);
#1049=VERTEX_POINT('',#3169);
#1050=VERTEX_POINT('',#3172);
#1051=VERTEX_POINT('',#3174);
#1052=VERTEX_POINT('',#3177);
#1053=VERTEX_POINT('',#3179);
#1054=VERTEX_POINT('',#3182);
#1055=VERTEX_POINT('',#3184);
#1056=VERTEX_POINT('',#3187);
#1057=VERTEX_POINT('',#3189);
#1058=VERTEX_POINT('',#3192);
#1059=VERTEX_POINT('',#3194);
#1060=VERTEX_POINT('',#3197);
#1061=VERTEX_POINT('',#3199);
#1062=VERTEX_POINT('',#3202);
#1063=VERTEX_POINT('',#3204);
#1064=VERTEX_POINT('',#3207);
#1065=VERTEX_POINT('',#3209);
#1066=VERTEX_POINT('',#3212);
#1067=VERTEX_POINT('',#3214);
#1068=VERTEX_POINT('',#3217);
#1069=VERTEX_POINT('',#3219);
#1070=VERTEX_POINT('',#3222);
#1071=VERTEX_POINT('',#3224);
#1072=VERTEX_POINT('',#3227);
#1073=VERTEX_POINT('',#3229);
#1074=VERTEX_POINT('',#3232);
#1075=VERTEX_POINT('',#3234);
#1076=VERTEX_POINT('',#3237);
#1077=VERTEX_POINT('',#3239);
#1078=VERTEX_POINT('',#3242);
#1079=VERTEX_POINT('',#3244);
#1080=VERTEX_POINT('',#3247);
#1081=VERTEX_POINT('',#3249);
#1082=VERTEX_POINT('',#3252);
#1083=VERTEX_POINT('',#3254);
#1084=VERTEX_POINT('',#3257);
#1085=VERTEX_POINT('',#3259);
#1086=VERTEX_POINT('',#3262);
#1087=VERTEX_POINT('',#3264);
#1088=VERTEX_POINT('',#3267);
#1089=VERTEX_POINT('',#3269);
#1090=VERTEX_POINT('',#3272);
#1091=VERTEX_POINT('',#3274);
#1092=VERTEX_POINT('',#3277);
#1093=VERTEX_POINT('',#3279);
#1094=VERTEX_POINT('',#3282);
#1095=VERTEX_POINT('',#3284);
#1096=VERTEX_POINT('',#3287);
#1097=VERTEX_POINT('',#3289);
#1098=VERTEX_POINT('',#3292);
#1099=VERTEX_POINT('',#3294);
#1100=VERTEX_POINT('',#3297);
#1101=VERTEX_POINT('',#3299);
#1102=VERTEX_POINT('',#3302);
#1103=VERTEX_POINT('',#3304);
#1104=VERTEX_POINT('',#3307);
#1105=VERTEX_POINT('',#3309);
#1106=VERTEX_POINT('',#3312);
#1107=VERTEX_POINT('',#3314);
#1108=VERTEX_POINT('',#3317);
#1109=VERTEX_POINT('',#3319);
#1110=VERTEX_POINT('',#3322);
#1111=VERTEX_POINT('',#3324);
#1112=VERTEX_POINT('',#3327);
#1113=VERTEX_POINT('',#3329);
#1114=VERTEX_POINT('',#3332);
#1115=VERTEX_POINT('',#3334);
#1116=VERTEX_POINT('',#3337);
#1117=VERTEX_POINT('',#3339);
#1118=VERTEX_POINT('',#3342);
#1119=VERTEX_POINT('',#3344);
#1120=VERTEX_POINT('',#3347);
#1121=VERTEX_POINT('',#3349);
#1122=VERTEX_POINT('',#3352);
#1123=VERTEX_POINT('',#3353);
#1124=VERTEX_POINT('',#3355);
#1125=VERTEX_POINT('',#3357);
#1126=VERTEX_POINT('',#3364);
#1127=VERTEX_POINT('',#3366);
#1128=VERTEX_POINT('',#3368);
#1129=VERTEX_POINT('',#3370);
#1130=VERTEX_POINT('',#3374);
#1131=VERTEX_POINT('',#3376);
#1132=VERTEX_POINT('',#3380);
#1133=VERTEX_POINT('',#3382);
#1134=VERTEX_POINT('',#3384);
#1135=VERTEX_POINT('',#3386);
#1136=VERTEX_POINT('',#3388);
#1137=VERTEX_POINT('',#3391);
#1138=VERTEX_POINT('',#3396);
#1139=VERTEX_POINT('',#3398);
#1140=VERTEX_POINT('',#3400);
#1141=VERTEX_POINT('',#3402);
#1142=VERTEX_POINT('',#3426);
#1143=VERTEX_POINT('',#3427);
#1144=VERTEX_POINT('',#3430);
#1145=VERTEX_POINT('',#3434);
#1146=VERTEX_POINT('',#3436);
#1147=VERTEX_POINT('',#3438);
#1148=VERTEX_POINT('',#3442);
#1149=VERTEX_POINT('',#3444);
#1150=VERTEX_POINT('',#3450);
#1151=VERTEX_POINT('',#3451);
#1152=VERTEX_POINT('',#3456);
#1153=VERTEX_POINT('',#3457);
#1154=LINE('',#2942,#1213);
#1155=LINE('',#2945,#1214);
#1156=LINE('',#2947,#1215);
#1157=LINE('',#2949,#1216);
#1158=LINE('',#2951,#1217);
#1159=LINE('',#2954,#1218);
#1160=LINE('',#2956,#1219);
#1161=LINE('',#2958,#1220);
#1162=LINE('',#2960,#1221);
#1163=LINE('',#2962,#1222);
#1164=LINE('',#2964,#1223);
#1165=LINE('',#2967,#1224);
#1166=LINE('',#2969,#1225);
#1167=LINE('',#2971,#1226);
#1168=LINE('',#2973,#1227);
#1169=LINE('',#2976,#1228);
#1170=LINE('',#2978,#1229);
#1171=LINE('',#2980,#1230);
#1172=LINE('',#2982,#1231);
#1173=LINE('',#2985,#1232);
#1174=LINE('',#2987,#1233);
#1175=LINE('',#2989,#1234);
#1176=LINE('',#3351,#1235);
#1177=LINE('',#3354,#1236);
#1178=LINE('',#3356,#1237);
#1179=LINE('',#3358,#1238);
#1180=LINE('',#3363,#1239);
#1181=LINE('',#3367,#1240);
#1182=LINE('',#3371,#1241);
#1183=LINE('',#3377,#1242);
#1184=LINE('',#3381,#1243);
#1185=LINE('',#3385,#1244);
#1186=LINE('',#3389,#1245);
#1187=LINE('',#3392,#1246);
#1188=LINE('',#3395,#1247);
#1189=LINE('',#3399,#1248);
#1190=LINE('',#3403,#1249);
#1191=LINE('',#3407,#1250);
#1192=LINE('',#3409,#1251);
#1193=LINE('',#3412,#1252);
#1194=LINE('',#3414,#1253);
#1195=LINE('',#3416,#1254);
#1196=LINE('',#3418,#1255);
#1197=LINE('',#3425,#1256);
#1198=LINE('',#3428,#1257);
#1199=LINE('',#3429,#1258);
#1200=LINE('',#3431,#1259);
#1201=LINE('',#3433,#1260);
#1202=LINE('',#3435,#1261);
#1203=LINE('',#3437,#1262);
#1204=LINE('',#3439,#1263);
#1205=LINE('',#3441,#1264);
#1206=LINE('',#3443,#1265);
#1207=LINE('',#3445,#1266);
#1208=LINE('',#3447,#1267);
#1209=LINE('',#3449,#1268);
#1210=LINE('',#3455,#1269);
#1211=LINE('',#3458,#1270);
#1212=LINE('',#3459,#1271);
#1213=VECTOR('',#2333,1.);
#1214=VECTOR('',#2334,1.);
#1215=VECTOR('',#2335,1.);
#1216=VECTOR('',#2336,1.);
#1217=VECTOR('',#2339,1.);
#1218=VECTOR('',#2340,1.);
#1219=VECTOR('',#2341,1.);
#1220=VECTOR('',#2342,1.);
#1221=VECTOR('',#2343,1.);
#1222=VECTOR('',#2344,1.);
#1223=VECTOR('',#2347,1.);
#1224=VECTOR('',#2348,1.);
#1225=VECTOR('',#2349,1.);
#1226=VECTOR('',#2350,1.);
#1227=VECTOR('',#2353,1.);
#1228=VECTOR('',#2354,1.);
#1229=VECTOR('',#2355,1.);
#1230=VECTOR('',#2356,1.);
#1231=VECTOR('',#2359,1.);
#1232=VECTOR('',#2360,1.);
#1233=VECTOR('',#2361,1.);
#1234=VECTOR('',#2362,1.);
#1235=VECTOR('',#2797,1.);
#1236=VECTOR('',#2798,1.);
#1237=VECTOR('',#2799,1.);
#1238=VECTOR('',#2800,1.);
#1239=VECTOR('',#2809,1.);
#1240=VECTOR('',#2812,1.);
#1241=VECTOR('',#2815,1.);
#1242=VECTOR('',#2822,1.);
#1243=VECTOR('',#2827,1.);
#1244=VECTOR('',#2830,1.);
#1245=VECTOR('',#2833,1.);
#1246=VECTOR('',#2836,1.);
#1247=VECTOR('',#2841,1.);
#1248=VECTOR('',#2844,1.);
#1249=VECTOR('',#2847,1.);
#1250=VECTOR('',#2854,1.);
#1251=VECTOR('',#2857,1.);
#1252=VECTOR('',#2862,1.);
#1253=VECTOR('',#2865,1.);
#1254=VECTOR('',#2868,1.);
#1255=VECTOR('',#2871,1.);
#1256=VECTOR('',#2884,1.);
#1257=VECTOR('',#2885,1.);
#1258=VECTOR('',#2886,1.);
#1259=VECTOR('',#2887,1.);
#1260=VECTOR('',#2890,1.);
#1261=VECTOR('',#2891,1.);
#1262=VECTOR('',#2892,1.);
#1263=VECTOR('',#2893,1.);
#1264=VECTOR('',#2896,1.);
#1265=VECTOR('',#2897,1.);
#1266=VECTOR('',#2898,1.);
#1267=VECTOR('',#2901,1.);
#1268=VECTOR('',#2904,1.);
#1269=VECTOR('',#2911,1.);
#1270=VECTOR('',#2912,1.);
#1271=VECTOR('',#2913,1.);
#1272=EDGE_LOOP('',(#269,#270,#271,#272));
#1273=EDGE_LOOP('',(#273,#274,#275,#276,#277,#278));
#1274=EDGE_LOOP('',(#279,#280,#281,#282));
#1275=EDGE_LOOP('',(#283,#284,#285,#286));
#1276=EDGE_LOOP('',(#287,#288,#289,#290));
#1277=EDGE_LOOP('',(#291));
#1278=EDGE_LOOP('',(#292));
#1279=EDGE_LOOP('',(#293));
#1280=EDGE_LOOP('',(#294));
#1281=EDGE_LOOP('',(#295));
#1282=EDGE_LOOP('',(#296));
#1283=EDGE_LOOP('',(#297));
#1284=EDGE_LOOP('',(#298));
#1285=EDGE_LOOP('',(#299));
#1286=EDGE_LOOP('',(#300));
#1287=EDGE_LOOP('',(#301));
#1288=EDGE_LOOP('',(#302));
#1289=EDGE_LOOP('',(#303));
#1290=EDGE_LOOP('',(#304));
#1291=EDGE_LOOP('',(#305));
#1292=EDGE_LOOP('',(#306));
#1293=EDGE_LOOP('',(#307));
#1294=EDGE_LOOP('',(#308));
#1295=EDGE_LOOP('',(#309));
#1296=EDGE_LOOP('',(#310));
#1297=EDGE_LOOP('',(#311));
#1298=EDGE_LOOP('',(#312));
#1299=EDGE_LOOP('',(#313));
#1300=EDGE_LOOP('',(#314));
#1301=EDGE_LOOP('',(#315));
#1302=EDGE_LOOP('',(#316));
#1303=EDGE_LOOP('',(#317));
#1304=EDGE_LOOP('',(#318));
#1305=EDGE_LOOP('',(#319));
#1306=EDGE_LOOP('',(#320));
#1307=EDGE_LOOP('',(#321));
#1308=EDGE_LOOP('',(#322));
#1309=EDGE_LOOP('',(#323));
#1310=EDGE_LOOP('',(#324));
#1311=EDGE_LOOP('',(#325));
#1312=EDGE_LOOP('',(#326));
#1313=EDGE_LOOP('',(#327));
#1314=EDGE_LOOP('',(#328));
#1315=EDGE_LOOP('',(#329));
#1316=EDGE_LOOP('',(#330));
#1317=EDGE_LOOP('',(#331));
#1318=EDGE_LOOP('',(#332));
#1319=EDGE_LOOP('',(#333));
#1320=EDGE_LOOP('',(#334));
#1321=EDGE_LOOP('',(#335));
#1322=EDGE_LOOP('',(#336));
#1323=EDGE_LOOP('',(#337));
#1324=EDGE_LOOP('',(#338));
#1325=EDGE_LOOP('',(#339));
#1326=EDGE_LOOP('',(#340));
#1327=EDGE_LOOP('',(#341));
#1328=EDGE_LOOP('',(#342));
#1329=EDGE_LOOP('',(#343));
#1330=EDGE_LOOP('',(#344));
#1331=EDGE_LOOP('',(#345));
#1332=EDGE_LOOP('',(#346));
#1333=EDGE_LOOP('',(#347));
#1334=EDGE_LOOP('',(#348));
#1335=EDGE_LOOP('',(#349));
#1336=EDGE_LOOP('',(#350));
#1337=EDGE_LOOP('',(#351));
#1338=EDGE_LOOP('',(#352));
#1339=EDGE_LOOP('',(#353));
#1340=EDGE_LOOP('',(#354));
#1341=EDGE_LOOP('',(#355));
#1342=EDGE_LOOP('',(#356));
#1343=EDGE_LOOP('',(#357));
#1344=EDGE_LOOP('',(#358));
#1345=EDGE_LOOP('',(#359));
#1346=EDGE_LOOP('',(#360));
#1347=EDGE_LOOP('',(#361));
#1348=EDGE_LOOP('',(#362));
#1349=EDGE_LOOP('',(#363));
#1350=EDGE_LOOP('',(#364));
#1351=EDGE_LOOP('',(#365));
#1352=EDGE_LOOP('',(#366));
#1353=EDGE_LOOP('',(#367));
#1354=EDGE_LOOP('',(#368));
#1355=EDGE_LOOP('',(#369));
#1356=EDGE_LOOP('',(#370));
#1357=EDGE_LOOP('',(#371));
#1358=EDGE_LOOP('',(#372));
#1359=EDGE_LOOP('',(#373));
#1360=EDGE_LOOP('',(#374));
#1361=EDGE_LOOP('',(#375));
#1362=EDGE_LOOP('',(#376));
#1363=EDGE_LOOP('',(#377));
#1364=EDGE_LOOP('',(#378));
#1365=EDGE_LOOP('',(#379));
#1366=EDGE_LOOP('',(#380));
#1367=EDGE_LOOP('',(#381));
#1368=EDGE_LOOP('',(#382));
#1369=EDGE_LOOP('',(#383));
#1370=EDGE_LOOP('',(#384));
#1371=EDGE_LOOP('',(#385));
#1372=EDGE_LOOP('',(#386));
#1373=EDGE_LOOP('',(#387));
#1374=EDGE_LOOP('',(#388));
#1375=EDGE_LOOP('',(#389));
#1376=EDGE_LOOP('',(#390));
#1377=EDGE_LOOP('',(#391));
#1378=EDGE_LOOP('',(#392));
#1379=EDGE_LOOP('',(#393));
#1380=EDGE_LOOP('',(#394));
#1381=EDGE_LOOP('',(#395));
#1382=EDGE_LOOP('',(#396));
#1383=EDGE_LOOP('',(#397));
#1384=EDGE_LOOP('',(#398));
#1385=EDGE_LOOP('',(#399));
#1386=EDGE_LOOP('',(#400));
#1387=EDGE_LOOP('',(#401));
#1388=EDGE_LOOP('',(#402));
#1389=EDGE_LOOP('',(#403));
#1390=EDGE_LOOP('',(#404));
#1391=EDGE_LOOP('',(#405));
#1392=EDGE_LOOP('',(#406));
#1393=EDGE_LOOP('',(#407));
#1394=EDGE_LOOP('',(#408));
#1395=EDGE_LOOP('',(#409));
#1396=EDGE_LOOP('',(#410));
#1397=EDGE_LOOP('',(#411));
#1398=EDGE_LOOP('',(#412));
#1399=EDGE_LOOP('',(#413));
#1400=EDGE_LOOP('',(#414));
#1401=EDGE_LOOP('',(#415));
#1402=EDGE_LOOP('',(#416));
#1403=EDGE_LOOP('',(#417));
#1404=EDGE_LOOP('',(#418));
#1405=EDGE_LOOP('',(#419));
#1406=EDGE_LOOP('',(#420));
#1407=EDGE_LOOP('',(#421));
#1408=EDGE_LOOP('',(#422));
#1409=EDGE_LOOP('',(#423));
#1410=EDGE_LOOP('',(#424));
#1411=EDGE_LOOP('',(#425));
#1412=EDGE_LOOP('',(#426));
#1413=EDGE_LOOP('',(#427));
#1414=EDGE_LOOP('',(#428));
#1415=EDGE_LOOP('',(#429));
#1416=EDGE_LOOP('',(#430));
#1417=EDGE_LOOP('',(#431));
#1418=EDGE_LOOP('',(#432));
#1419=EDGE_LOOP('',(#433));
#1420=EDGE_LOOP('',(#434));
#1421=EDGE_LOOP('',(#435,#436,#437,#438));
#1422=EDGE_LOOP('',(#439,#440,#441,#442,#443,#444,#445,#446,#447,#448,#449,
#450,#451,#452));
#1423=EDGE_LOOP('',(#453));
#1424=EDGE_LOOP('',(#454));
#1425=EDGE_LOOP('',(#455));
#1426=EDGE_LOOP('',(#456));
#1427=EDGE_LOOP('',(#457));
#1428=EDGE_LOOP('',(#458));
#1429=EDGE_LOOP('',(#459));
#1430=EDGE_LOOP('',(#460));
#1431=EDGE_LOOP('',(#461));
#1432=EDGE_LOOP('',(#462));
#1433=EDGE_LOOP('',(#463));
#1434=EDGE_LOOP('',(#464));
#1435=EDGE_LOOP('',(#465));
#1436=EDGE_LOOP('',(#466));
#1437=EDGE_LOOP('',(#467));
#1438=EDGE_LOOP('',(#468));
#1439=EDGE_LOOP('',(#469));
#1440=EDGE_LOOP('',(#470));
#1441=EDGE_LOOP('',(#471));
#1442=EDGE_LOOP('',(#472));
#1443=EDGE_LOOP('',(#473));
#1444=EDGE_LOOP('',(#474));
#1445=EDGE_LOOP('',(#475));
#1446=EDGE_LOOP('',(#476));
#1447=EDGE_LOOP('',(#477));
#1448=EDGE_LOOP('',(#478));
#1449=EDGE_LOOP('',(#479));
#1450=EDGE_LOOP('',(#480));
#1451=EDGE_LOOP('',(#481));
#1452=EDGE_LOOP('',(#482));
#1453=EDGE_LOOP('',(#483));
#1454=EDGE_LOOP('',(#484));
#1455=EDGE_LOOP('',(#485));
#1456=EDGE_LOOP('',(#486));
#1457=EDGE_LOOP('',(#487));
#1458=EDGE_LOOP('',(#488));
#1459=EDGE_LOOP('',(#489));
#1460=EDGE_LOOP('',(#490));
#1461=EDGE_LOOP('',(#491));
#1462=EDGE_LOOP('',(#492));
#1463=EDGE_LOOP('',(#493));
#1464=EDGE_LOOP('',(#494));
#1465=EDGE_LOOP('',(#495));
#1466=EDGE_LOOP('',(#496));
#1467=EDGE_LOOP('',(#497));
#1468=EDGE_LOOP('',(#498));
#1469=EDGE_LOOP('',(#499));
#1470=EDGE_LOOP('',(#500));
#1471=EDGE_LOOP('',(#501));
#1472=EDGE_LOOP('',(#502));
#1473=EDGE_LOOP('',(#503));
#1474=EDGE_LOOP('',(#504));
#1475=EDGE_LOOP('',(#505));
#1476=EDGE_LOOP('',(#506));
#1477=EDGE_LOOP('',(#507));
#1478=EDGE_LOOP('',(#508));
#1479=EDGE_LOOP('',(#509));
#1480=EDGE_LOOP('',(#510));
#1481=EDGE_LOOP('',(#511));
#1482=EDGE_LOOP('',(#512));
#1483=EDGE_LOOP('',(#513));
#1484=EDGE_LOOP('',(#514));
#1485=EDGE_LOOP('',(#515));
#1486=EDGE_LOOP('',(#516));
#1487=EDGE_LOOP('',(#517));
#1488=EDGE_LOOP('',(#518));
#1489=EDGE_LOOP('',(#519));
#1490=EDGE_LOOP('',(#520));
#1491=EDGE_LOOP('',(#521));
#1492=EDGE_LOOP('',(#522));
#1493=EDGE_LOOP('',(#523));
#1494=EDGE_LOOP('',(#524));
#1495=EDGE_LOOP('',(#525,#526,#527,#528));
#1496=EDGE_LOOP('',(#529,#530,#531,#532,#533,#534,#535,#536));
#1497=EDGE_LOOP('',(#537,#538,#539,#540,#541,#542,#543,#544,#545,#546,#547,
#548,#549,#550));
#1498=EDGE_LOOP('',(#551));
#1499=EDGE_LOOP('',(#552));
#1500=EDGE_LOOP('',(#553));
#1501=EDGE_LOOP('',(#554));
#1502=EDGE_LOOP('',(#555));
#1503=EDGE_LOOP('',(#556));
#1504=EDGE_LOOP('',(#557));
#1505=EDGE_LOOP('',(#558));
#1506=EDGE_LOOP('',(#559));
#1507=EDGE_LOOP('',(#560));
#1508=EDGE_LOOP('',(#561));
#1509=EDGE_LOOP('',(#562));
#1510=EDGE_LOOP('',(#563));
#1511=EDGE_LOOP('',(#564));
#1512=EDGE_LOOP('',(#565));
#1513=EDGE_LOOP('',(#566));
#1514=EDGE_LOOP('',(#567));
#1515=EDGE_LOOP('',(#568));
#1516=EDGE_LOOP('',(#569));
#1517=EDGE_LOOP('',(#570));
#1518=EDGE_LOOP('',(#571));
#1519=EDGE_LOOP('',(#572));
#1520=EDGE_LOOP('',(#573));
#1521=EDGE_LOOP('',(#574));
#1522=EDGE_LOOP('',(#575));
#1523=EDGE_LOOP('',(#576));
#1524=EDGE_LOOP('',(#577));
#1525=EDGE_LOOP('',(#578));
#1526=EDGE_LOOP('',(#579));
#1527=EDGE_LOOP('',(#580));
#1528=EDGE_LOOP('',(#581));
#1529=EDGE_LOOP('',(#582));
#1530=EDGE_LOOP('',(#583));
#1531=EDGE_LOOP('',(#584));
#1532=EDGE_LOOP('',(#585));
#1533=EDGE_LOOP('',(#586));
#1534=EDGE_LOOP('',(#587));
#1535=EDGE_LOOP('',(#588));
#1536=EDGE_LOOP('',(#589));
#1537=EDGE_LOOP('',(#590));
#1538=EDGE_LOOP('',(#591));
#1539=EDGE_LOOP('',(#592));
#1540=EDGE_LOOP('',(#593));
#1541=EDGE_LOOP('',(#594));
#1542=EDGE_LOOP('',(#595));
#1543=EDGE_LOOP('',(#596));
#1544=EDGE_LOOP('',(#597));
#1545=EDGE_LOOP('',(#598));
#1546=EDGE_LOOP('',(#599));
#1547=EDGE_LOOP('',(#600));
#1548=EDGE_LOOP('',(#601));
#1549=EDGE_LOOP('',(#602));
#1550=EDGE_LOOP('',(#603));
#1551=EDGE_LOOP('',(#604));
#1552=EDGE_LOOP('',(#605));
#1553=EDGE_LOOP('',(#606));
#1554=EDGE_LOOP('',(#607));
#1555=EDGE_LOOP('',(#608));
#1556=EDGE_LOOP('',(#609));
#1557=EDGE_LOOP('',(#610));
#1558=EDGE_LOOP('',(#611));
#1559=EDGE_LOOP('',(#612));
#1560=EDGE_LOOP('',(#613));
#1561=EDGE_LOOP('',(#614));
#1562=EDGE_LOOP('',(#615));
#1563=EDGE_LOOP('',(#616));
#1564=EDGE_LOOP('',(#617));
#1565=EDGE_LOOP('',(#618));
#1566=EDGE_LOOP('',(#619));
#1567=EDGE_LOOP('',(#620));
#1568=EDGE_LOOP('',(#621));
#1569=EDGE_LOOP('',(#622));
#1570=EDGE_LOOP('',(#623,#624,#625,#626));
#1571=EDGE_LOOP('',(#627,#628,#629,#630));
#1572=EDGE_LOOP('',(#631,#632,#633,#634));
#1573=EDGE_LOOP('',(#635,#636,#637,#638));
#1574=EDGE_LOOP('',(#639,#640,#641,#642));
#1575=EDGE_LOOP('',(#643,#644,#645,#646));
#1576=EDGE_LOOP('',(#647,#648,#649,#650));
#1577=EDGE_LOOP('',(#651,#652,#653,#654));
#1578=EDGE_LOOP('',(#655,#656,#657,#658));
#1579=EDGE_LOOP('',(#659,#660,#661,#662));
#1580=EDGE_LOOP('',(#663,#664,#665,#666));
#1581=EDGE_LOOP('',(#667,#668,#669,#670));
#1582=EDGE_LOOP('',(#671,#672,#673,#674,#675,#676));
#1583=EDGE_LOOP('',(#677,#678,#679,#680,#681,#682));
#1584=EDGE_LOOP('',(#683,#684,#685,#686));
#1585=EDGE_LOOP('',(#687,#688,#689,#690));
#1586=EDGE_LOOP('',(#691,#692,#693,#694,#695,#696));
#1587=EDGE_LOOP('',(#697,#698,#699,#700));
#1588=EDGE_LOOP('',(#701,#702,#703,#704));
#1589=EDGE_LOOP('',(#705,#706,#707,#708));
#1590=EDGE_LOOP('',(#709,#710,#711));
#1591=EDGE_LOOP('',(#712,#713,#714,#715));
#1592=EDGE_LOOP('',(#716,#717,#718,#719));
#1593=EDGE_LOOP('',(#720,#721,#722));
#1594=EDGE_LOOP('',(#723,#724,#725,#726));
#1595=FACE_BOUND('',#1272,.T.);
#1596=FACE_BOUND('',#1273,.T.);
#1597=FACE_BOUND('',#1274,.T.);
#1598=FACE_BOUND('',#1275,.T.);
#1599=FACE_BOUND('',#1276,.T.);
#1600=FACE_BOUND('',#1277,.T.);
#1601=FACE_BOUND('',#1278,.T.);
#1602=FACE_BOUND('',#1279,.T.);
#1603=FACE_BOUND('',#1280,.T.);
#1604=FACE_BOUND('',#1281,.T.);
#1605=FACE_BOUND('',#1282,.T.);
#1606=FACE_BOUND('',#1283,.T.);
#1607=FACE_BOUND('',#1284,.T.);
#1608=FACE_BOUND('',#1285,.T.);
#1609=FACE_BOUND('',#1286,.T.);
#1610=FACE_BOUND('',#1287,.T.);
#1611=FACE_BOUND('',#1288,.T.);
#1612=FACE_BOUND('',#1289,.T.);
#1613=FACE_BOUND('',#1290,.T.);
#1614=FACE_BOUND('',#1291,.T.);
#1615=FACE_BOUND('',#1292,.T.);
#1616=FACE_BOUND('',#1293,.T.);
#1617=FACE_BOUND('',#1294,.T.);
#1618=FACE_BOUND('',#1295,.T.);
#1619=FACE_BOUND('',#1296,.T.);
#1620=FACE_BOUND('',#1297,.T.);
#1621=FACE_BOUND('',#1298,.T.);
#1622=FACE_BOUND('',#1299,.T.);
#1623=FACE_BOUND('',#1300,.T.);
#1624=FACE_BOUND('',#1301,.T.);
#1625=FACE_BOUND('',#1302,.T.);
#1626=FACE_BOUND('',#1303,.T.);
#1627=FACE_BOUND('',#1304,.T.);
#1628=FACE_BOUND('',#1305,.T.);
#1629=FACE_BOUND('',#1306,.T.);
#1630=FACE_BOUND('',#1307,.T.);
#1631=FACE_BOUND('',#1308,.T.);
#1632=FACE_BOUND('',#1309,.T.);
#1633=FACE_BOUND('',#1310,.T.);
#1634=FACE_BOUND('',#1311,.T.);
#1635=FACE_BOUND('',#1312,.T.);
#1636=FACE_BOUND('',#1313,.T.);
#1637=FACE_BOUND('',#1314,.T.);
#1638=FACE_BOUND('',#1315,.T.);
#1639=FACE_BOUND('',#1316,.T.);
#1640=FACE_BOUND('',#1317,.T.);
#1641=FACE_BOUND('',#1318,.T.);
#1642=FACE_BOUND('',#1319,.T.);
#1643=FACE_BOUND('',#1320,.T.);
#1644=FACE_BOUND('',#1321,.T.);
#1645=FACE_BOUND('',#1322,.T.);
#1646=FACE_BOUND('',#1323,.T.);
#1647=FACE_BOUND('',#1324,.T.);
#1648=FACE_BOUND('',#1325,.T.);
#1649=FACE_BOUND('',#1326,.T.);
#1650=FACE_BOUND('',#1327,.T.);
#1651=FACE_BOUND('',#1328,.T.);
#1652=FACE_BOUND('',#1329,.T.);
#1653=FACE_BOUND('',#1330,.T.);
#1654=FACE_BOUND('',#1331,.T.);
#1655=FACE_BOUND('',#1332,.T.);
#1656=FACE_BOUND('',#1333,.T.);
#1657=FACE_BOUND('',#1334,.T.);
#1658=FACE_BOUND('',#1335,.T.);
#1659=FACE_BOUND('',#1336,.T.);
#1660=FACE_BOUND('',#1337,.T.);
#1661=FACE_BOUND('',#1338,.T.);
#1662=FACE_BOUND('',#1339,.T.);
#1663=FACE_BOUND('',#1340,.T.);
#1664=FACE_BOUND('',#1341,.T.);
#1665=FACE_BOUND('',#1342,.T.);
#1666=FACE_BOUND('',#1343,.T.);
#1667=FACE_BOUND('',#1344,.T.);
#1668=FACE_BOUND('',#1345,.T.);
#1669=FACE_BOUND('',#1346,.T.);
#1670=FACE_BOUND('',#1347,.T.);
#1671=FACE_BOUND('',#1348,.T.);
#1672=FACE_BOUND('',#1349,.T.);
#1673=FACE_BOUND('',#1350,.T.);
#1674=FACE_BOUND('',#1351,.T.);
#1675=FACE_BOUND('',#1352,.T.);
#1676=FACE_BOUND('',#1353,.T.);
#1677=FACE_BOUND('',#1354,.T.);
#1678=FACE_BOUND('',#1355,.T.);
#1679=FACE_BOUND('',#1356,.T.);
#1680=FACE_BOUND('',#1357,.T.);
#1681=FACE_BOUND('',#1358,.T.);
#1682=FACE_BOUND('',#1359,.T.);
#1683=FACE_BOUND('',#1360,.T.);
#1684=FACE_BOUND('',#1361,.T.);
#1685=FACE_BOUND('',#1362,.T.);
#1686=FACE_BOUND('',#1363,.T.);
#1687=FACE_BOUND('',#1364,.T.);
#1688=FACE_BOUND('',#1365,.T.);
#1689=FACE_BOUND('',#1366,.T.);
#1690=FACE_BOUND('',#1367,.T.);
#1691=FACE_BOUND('',#1368,.T.);
#1692=FACE_BOUND('',#1369,.T.);
#1693=FACE_BOUND('',#1370,.T.);
#1694=FACE_BOUND('',#1371,.T.);
#1695=FACE_BOUND('',#1372,.T.);
#1696=FACE_BOUND('',#1373,.T.);
#1697=FACE_BOUND('',#1374,.T.);
#1698=FACE_BOUND('',#1375,.T.);
#1699=FACE_BOUND('',#1376,.T.);
#1700=FACE_BOUND('',#1377,.T.);
#1701=FACE_BOUND('',#1378,.T.);
#1702=FACE_BOUND('',#1379,.T.);
#1703=FACE_BOUND('',#1380,.T.);
#1704=FACE_BOUND('',#1381,.T.);
#1705=FACE_BOUND('',#1382,.T.);
#1706=FACE_BOUND('',#1383,.T.);
#1707=FACE_BOUND('',#1384,.T.);
#1708=FACE_BOUND('',#1385,.T.);
#1709=FACE_BOUND('',#1386,.T.);
#1710=FACE_BOUND('',#1387,.T.);
#1711=FACE_BOUND('',#1388,.T.);
#1712=FACE_BOUND('',#1389,.T.);
#1713=FACE_BOUND('',#1390,.T.);
#1714=FACE_BOUND('',#1391,.T.);
#1715=FACE_BOUND('',#1392,.T.);
#1716=FACE_BOUND('',#1393,.T.);
#1717=FACE_BOUND('',#1394,.T.);
#1718=FACE_BOUND('',#1395,.T.);
#1719=FACE_BOUND('',#1396,.T.);
#1720=FACE_BOUND('',#1397,.T.);
#1721=FACE_BOUND('',#1398,.T.);
#1722=FACE_BOUND('',#1399,.T.);
#1723=FACE_BOUND('',#1400,.T.);
#1724=FACE_BOUND('',#1401,.T.);
#1725=FACE_BOUND('',#1402,.T.);
#1726=FACE_BOUND('',#1403,.T.);
#1727=FACE_BOUND('',#1404,.T.);
#1728=FACE_BOUND('',#1405,.T.);
#1729=FACE_BOUND('',#1406,.T.);
#1730=FACE_BOUND('',#1407,.T.);
#1731=FACE_BOUND('',#1408,.T.);
#1732=FACE_BOUND('',#1409,.T.);
#1733=FACE_BOUND('',#1410,.T.);
#1734=FACE_BOUND('',#1411,.T.);
#1735=FACE_BOUND('',#1412,.T.);
#1736=FACE_BOUND('',#1413,.T.);
#1737=FACE_BOUND('',#1414,.T.);
#1738=FACE_BOUND('',#1415,.T.);
#1739=FACE_BOUND('',#1416,.T.);
#1740=FACE_BOUND('',#1417,.T.);
#1741=FACE_BOUND('',#1418,.T.);
#1742=FACE_BOUND('',#1419,.T.);
#1743=FACE_BOUND('',#1420,.T.);
#1744=FACE_BOUND('',#1421,.T.);
#1745=FACE_BOUND('',#1422,.T.);
#1746=FACE_BOUND('',#1423,.T.);
#1747=FACE_BOUND('',#1424,.T.);
#1748=FACE_BOUND('',#1425,.T.);
#1749=FACE_BOUND('',#1426,.T.);
#1750=FACE_BOUND('',#1427,.T.);
#1751=FACE_BOUND('',#1428,.T.);
#1752=FACE_BOUND('',#1429,.T.);
#1753=FACE_BOUND('',#1430,.T.);
#1754=FACE_BOUND('',#1431,.T.);
#1755=FACE_BOUND('',#1432,.T.);
#1756=FACE_BOUND('',#1433,.T.);
#1757=FACE_BOUND('',#1434,.T.);
#1758=FACE_BOUND('',#1435,.T.);
#1759=FACE_BOUND('',#1436,.T.);
#1760=FACE_BOUND('',#1437,.T.);
#1761=FACE_BOUND('',#1438,.T.);
#1762=FACE_BOUND('',#1439,.T.);
#1763=FACE_BOUND('',#1440,.T.);
#1764=FACE_BOUND('',#1441,.T.);
#1765=FACE_BOUND('',#1442,.T.);
#1766=FACE_BOUND('',#1443,.T.);
#1767=FACE_BOUND('',#1444,.T.);
#1768=FACE_BOUND('',#1445,.T.);
#1769=FACE_BOUND('',#1446,.T.);
#1770=FACE_BOUND('',#1447,.T.);
#1771=FACE_BOUND('',#1448,.T.);
#1772=FACE_BOUND('',#1449,.T.);
#1773=FACE_BOUND('',#1450,.T.);
#1774=FACE_BOUND('',#1451,.T.);
#1775=FACE_BOUND('',#1452,.T.);
#1776=FACE_BOUND('',#1453,.T.);
#1777=FACE_BOUND('',#1454,.T.);
#1778=FACE_BOUND('',#1455,.T.);
#1779=FACE_BOUND('',#1456,.T.);
#1780=FACE_BOUND('',#1457,.T.);
#1781=FACE_BOUND('',#1458,.T.);
#1782=FACE_BOUND('',#1459,.T.);
#1783=FACE_BOUND('',#1460,.T.);
#1784=FACE_BOUND('',#1461,.T.);
#1785=FACE_BOUND('',#1462,.T.);
#1786=FACE_BOUND('',#1463,.T.);
#1787=FACE_BOUND('',#1464,.T.);
#1788=FACE_BOUND('',#1465,.T.);
#1789=FACE_BOUND('',#1466,.T.);
#1790=FACE_BOUND('',#1467,.T.);
#1791=FACE_BOUND('',#1468,.T.);
#1792=FACE_BOUND('',#1469,.T.);
#1793=FACE_BOUND('',#1470,.T.);
#1794=FACE_BOUND('',#1471,.T.);
#1795=FACE_BOUND('',#1472,.T.);
#1796=FACE_BOUND('',#1473,.T.);
#1797=FACE_BOUND('',#1474,.T.);
#1798=FACE_BOUND('',#1475,.T.);
#1799=FACE_BOUND('',#1476,.T.);
#1800=FACE_BOUND('',#1477,.T.);
#1801=FACE_BOUND('',#1478,.T.);
#1802=FACE_BOUND('',#1479,.T.);
#1803=FACE_BOUND('',#1480,.T.);
#1804=FACE_BOUND('',#1481,.T.);
#1805=FACE_BOUND('',#1482,.T.);
#1806=FACE_BOUND('',#1483,.T.);
#1807=FACE_BOUND('',#1484,.T.);
#1808=FACE_BOUND('',#1485,.T.);
#1809=FACE_BOUND('',#1486,.T.);
#1810=FACE_BOUND('',#1487,.T.);
#1811=FACE_BOUND('',#1488,.T.);
#1812=FACE_BOUND('',#1489,.T.);
#1813=FACE_BOUND('',#1490,.T.);
#1814=FACE_BOUND('',#1491,.T.);
#1815=FACE_BOUND('',#1492,.T.);
#1816=FACE_BOUND('',#1493,.T.);
#1817=FACE_BOUND('',#1494,.T.);
#1818=FACE_BOUND('',#1495,.T.);
#1819=FACE_BOUND('',#1496,.T.);
#1820=FACE_BOUND('',#1497,.T.);
#1821=FACE_BOUND('',#1498,.T.);
#1822=FACE_BOUND('',#1499,.T.);
#1823=FACE_BOUND('',#1500,.T.);
#1824=FACE_BOUND('',#1501,.T.);
#1825=FACE_BOUND('',#1502,.T.);
#1826=FACE_BOUND('',#1503,.T.);
#1827=FACE_BOUND('',#1504,.T.);
#1828=FACE_BOUND('',#1505,.T.);
#1829=FACE_BOUND('',#1506,.T.);
#1830=FACE_BOUND('',#1507,.T.);
#1831=FACE_BOUND('',#1508,.T.);
#1832=FACE_BOUND('',#1509,.T.);
#1833=FACE_BOUND('',#1510,.T.);
#1834=FACE_BOUND('',#1511,.T.);
#1835=FACE_BOUND('',#1512,.T.);
#1836=FACE_BOUND('',#1513,.T.);
#1837=FACE_BOUND('',#1514,.T.);
#1838=FACE_BOUND('',#1515,.T.);
#1839=FACE_BOUND('',#1516,.T.);
#1840=FACE_BOUND('',#1517,.T.);
#1841=FACE_BOUND('',#1518,.T.);
#1842=FACE_BOUND('',#1519,.T.);
#1843=FACE_BOUND('',#1520,.T.);
#1844=FACE_BOUND('',#1521,.T.);
#1845=FACE_BOUND('',#1522,.T.);
#1846=FACE_BOUND('',#1523,.T.);
#1847=FACE_BOUND('',#1524,.T.);
#1848=FACE_BOUND('',#1525,.T.);
#1849=FACE_BOUND('',#1526,.T.);
#1850=FACE_BOUND('',#1527,.T.);
#1851=FACE_BOUND('',#1528,.T.);
#1852=FACE_BOUND('',#1529,.T.);
#1853=FACE_BOUND('',#1530,.T.);
#1854=FACE_BOUND('',#1531,.T.);
#1855=FACE_BOUND('',#1532,.T.);
#1856=FACE_BOUND('',#1533,.T.);
#1857=FACE_BOUND('',#1534,.T.);
#1858=FACE_BOUND('',#1535,.T.);
#1859=FACE_BOUND('',#1536,.T.);
#1860=FACE_BOUND('',#1537,.T.);
#1861=FACE_BOUND('',#1538,.T.);
#1862=FACE_BOUND('',#1539,.T.);
#1863=FACE_BOUND('',#1540,.T.);
#1864=FACE_BOUND('',#1541,.T.);
#1865=FACE_BOUND('',#1542,.T.);
#1866=FACE_BOUND('',#1543,.T.);
#1867=FACE_BOUND('',#1544,.T.);
#1868=FACE_BOUND('',#1545,.T.);
#1869=FACE_BOUND('',#1546,.T.);
#1870=FACE_BOUND('',#1547,.T.);
#1871=FACE_BOUND('',#1548,.T.);
#1872=FACE_BOUND('',#1549,.T.);
#1873=FACE_BOUND('',#1550,.T.);
#1874=FACE_BOUND('',#1551,.T.);
#1875=FACE_BOUND('',#1552,.T.);
#1876=FACE_BOUND('',#1553,.T.);
#1877=FACE_BOUND('',#1554,.T.);
#1878=FACE_BOUND('',#1555,.T.);
#1879=FACE_BOUND('',#1556,.T.);
#1880=FACE_BOUND('',#1557,.T.);
#1881=FACE_BOUND('',#1558,.T.);
#1882=FACE_BOUND('',#1559,.T.);
#1883=FACE_BOUND('',#1560,.T.);
#1884=FACE_BOUND('',#1561,.T.);
#1885=FACE_BOUND('',#1562,.T.);
#1886=FACE_BOUND('',#1563,.T.);
#1887=FACE_BOUND('',#1564,.T.);
#1888=FACE_BOUND('',#1565,.T.);
#1889=FACE_BOUND('',#1566,.T.);
#1890=FACE_BOUND('',#1567,.T.);
#1891=FACE_BOUND('',#1568,.T.);
#1892=FACE_BOUND('',#1569,.T.);
#1893=FACE_BOUND('',#1570,.T.);
#1894=FACE_BOUND('',#1571,.T.);
#1895=FACE_BOUND('',#1572,.T.);
#1896=FACE_BOUND('',#1573,.T.);
#1897=FACE_BOUND('',#1574,.T.);
#1898=FACE_BOUND('',#1575,.T.);
#1899=FACE_BOUND('',#1576,.T.);
#1900=FACE_BOUND('',#1577,.T.);
#1901=FACE_BOUND('',#1578,.T.);
#1902=FACE_BOUND('',#1579,.T.);
#1903=FACE_BOUND('',#1580,.T.);
#1904=FACE_BOUND('',#1581,.T.);
#1905=FACE_BOUND('',#1582,.T.);
#1906=FACE_BOUND('',#1583,.T.);
#1907=FACE_BOUND('',#1584,.T.);
#1908=FACE_BOUND('',#1585,.T.);
#1909=FACE_BOUND('',#1586,.T.);
#1910=FACE_BOUND('',#1587,.T.);
#1911=FACE_BOUND('',#1588,.T.);
#1912=FACE_BOUND('',#1589,.T.);
#1913=FACE_BOUND('',#1590,.T.);
#1914=FACE_BOUND('',#1591,.T.);
#1915=FACE_BOUND('',#1592,.T.);
#1916=FACE_BOUND('',#1593,.T.);
#1917=FACE_BOUND('',#1594,.T.);
#1918=PLANE('',#2054);
#1919=PLANE('',#2055);
#1920=PLANE('',#2056);
#1921=PLANE('',#2057);
#1922=PLANE('',#2058);
#1923=PLANE('',#2275);
#1924=PLANE('',#2276);
#1925=PLANE('',#2285);
#1926=PLANE('',#2297);
#1927=PLANE('',#2299);
#1928=PLANE('',#2301);
#1929=PLANE('',#2303);
#1930=PLANE('',#2308);
#1931=PLANE('',#2309);
#1932=PLANE('',#2310);
#1933=PLANE('',#2311);
#1934=PLANE('',#2312);
#1935=PLANE('',#2315);
#1936=ADVANCED_FACE('',(#1595),#1918,.T.);
#1937=ADVANCED_FACE('',(#1596),#1919,.T.);
#1938=ADVANCED_FACE('',(#1597),#1920,.T.);
#1939=ADVANCED_FACE('',(#1598),#1921,.F.);
#1940=ADVANCED_FACE('',(#1599),#1922,.F.);
#1941=ADVANCED_FACE('',(#1600,#1601),#184,.F.);
#1942=ADVANCED_FACE('',(#1602,#1603),#185,.F.);
#1943=ADVANCED_FACE('',(#1604,#1605),#186,.F.);
#1944=ADVANCED_FACE('',(#1606,#1607),#187,.F.);
#1945=ADVANCED_FACE('',(#1608,#1609),#188,.F.);
#1946=ADVANCED_FACE('',(#1610,#1611),#189,.F.);
#1947=ADVANCED_FACE('',(#1612,#1613),#190,.F.);
#1948=ADVANCED_FACE('',(#1614,#1615),#191,.F.);
#1949=ADVANCED_FACE('',(#1616,#1617),#192,.F.);
#1950=ADVANCED_FACE('',(#1618,#1619),#193,.F.);
#1951=ADVANCED_FACE('',(#1620,#1621),#194,.F.);
#1952=ADVANCED_FACE('',(#1622,#1623),#195,.F.);
#1953=ADVANCED_FACE('',(#1624,#1625),#196,.F.);
#1954=ADVANCED_FACE('',(#1626,#1627),#197,.F.);
#1955=ADVANCED_FACE('',(#1628,#1629),#198,.F.);
#1956=ADVANCED_FACE('',(#1630,#1631),#199,.F.);
#1957=ADVANCED_FACE('',(#1632,#1633),#200,.F.);
#1958=ADVANCED_FACE('',(#1634,#1635),#201,.F.);
#1959=ADVANCED_FACE('',(#1636,#1637),#202,.F.);
#1960=ADVANCED_FACE('',(#1638,#1639),#203,.F.);
#1961=ADVANCED_FACE('',(#1640,#1641),#204,.F.);
#1962=ADVANCED_FACE('',(#1642,#1643),#205,.F.);
#1963=ADVANCED_FACE('',(#1644,#1645),#206,.F.);
#1964=ADVANCED_FACE('',(#1646,#1647),#207,.F.);
#1965=ADVANCED_FACE('',(#1648,#1649),#208,.F.);
#1966=ADVANCED_FACE('',(#1650,#1651),#209,.F.);
#1967=ADVANCED_FACE('',(#1652,#1653),#210,.F.);
#1968=ADVANCED_FACE('',(#1654,#1655),#211,.F.);
#1969=ADVANCED_FACE('',(#1656,#1657),#212,.F.);
#1970=ADVANCED_FACE('',(#1658,#1659),#213,.F.);
#1971=ADVANCED_FACE('',(#1660,#1661),#214,.F.);
#1972=ADVANCED_FACE('',(#1662,#1663),#215,.F.);
#1973=ADVANCED_FACE('',(#1664,#1665),#216,.F.);
#1974=ADVANCED_FACE('',(#1666,#1667),#217,.F.);
#1975=ADVANCED_FACE('',(#1668,#1669),#218,.F.);
#1976=ADVANCED_FACE('',(#1670,#1671),#219,.F.);
#1977=ADVANCED_FACE('',(#1672,#1673),#220,.F.);
#1978=ADVANCED_FACE('',(#1674,#1675),#221,.F.);
#1979=ADVANCED_FACE('',(#1676,#1677),#222,.F.);
#1980=ADVANCED_FACE('',(#1678,#1679),#223,.F.);
#1981=ADVANCED_FACE('',(#1680,#1681),#224,.F.);
#1982=ADVANCED_FACE('',(#1682,#1683),#225,.F.);
#1983=ADVANCED_FACE('',(#1684,#1685),#226,.F.);
#1984=ADVANCED_FACE('',(#1686,#1687),#227,.F.);
#1985=ADVANCED_FACE('',(#1688,#1689),#228,.F.);
#1986=ADVANCED_FACE('',(#1690,#1691),#229,.F.);
#1987=ADVANCED_FACE('',(#1692,#1693),#230,.F.);
#1988=ADVANCED_FACE('',(#1694,#1695),#231,.F.);
#1989=ADVANCED_FACE('',(#1696,#1697),#232,.F.);
#1990=ADVANCED_FACE('',(#1698,#1699),#233,.F.);
#1991=ADVANCED_FACE('',(#1700,#1701),#234,.F.);
#1992=ADVANCED_FACE('',(#1702,#1703),#235,.F.);
#1993=ADVANCED_FACE('',(#1704,#1705),#236,.F.);
#1994=ADVANCED_FACE('',(#1706,#1707),#237,.F.);
#1995=ADVANCED_FACE('',(#1708,#1709),#238,.F.);
#1996=ADVANCED_FACE('',(#1710,#1711),#239,.F.);
#1997=ADVANCED_FACE('',(#1712,#1713),#240,.F.);
#1998=ADVANCED_FACE('',(#1714,#1715),#241,.F.);
#1999=ADVANCED_FACE('',(#1716,#1717),#242,.F.);
#2000=ADVANCED_FACE('',(#1718,#1719),#243,.F.);
#2001=ADVANCED_FACE('',(#1720,#1721),#244,.F.);
#2002=ADVANCED_FACE('',(#1722,#1723),#245,.F.);
#2003=ADVANCED_FACE('',(#1724,#1725),#246,.F.);
#2004=ADVANCED_FACE('',(#1726,#1727),#247,.F.);
#2005=ADVANCED_FACE('',(#1728,#1729),#248,.F.);
#2006=ADVANCED_FACE('',(#1730,#1731),#249,.F.);
#2007=ADVANCED_FACE('',(#1732,#1733),#250,.F.);
#2008=ADVANCED_FACE('',(#1734,#1735),#251,.F.);
#2009=ADVANCED_FACE('',(#1736,#1737),#252,.F.);
#2010=ADVANCED_FACE('',(#1738,#1739),#253,.F.);
#2011=ADVANCED_FACE('',(#1740,#1741),#254,.F.);
#2012=ADVANCED_FACE('',(#1742,#1743),#255,.F.);
#2013=ADVANCED_FACE('',(#1744),#1923,.T.);
#2014=ADVANCED_FACE('',(#1745,#1746,#1747,#1748,#1749,#1750,#1751,#1752,
#1753,#1754,#1755,#1756,#1757,#1758,#1759,#1760,#1761,#1762,#1763,#1764,
#1765,#1766,#1767,#1768,#1769,#1770,#1771,#1772,#1773,#1774,#1775,#1776,
#1777,#1778,#1779,#1780,#1781,#1782,#1783,#1784,#1785,#1786,#1787,#1788,
#1789,#1790,#1791,#1792,#1793,#1794,#1795,#1796,#1797,#1798,#1799,#1800,
#1801,#1802,#1803,#1804,#1805,#1806,#1807,#1808,#1809,#1810,#1811,#1812,
#1813,#1814,#1815,#1816,#1817,#1818),#1924,.T.);
#2015=ADVANCED_FACE('',(#1819,#1820,#1821,#1822,#1823,#1824,#1825,#1826,
#1827,#1828,#1829,#1830,#1831,#1832,#1833,#1834,#1835,#1836,#1837,#1838,
#1839,#1840,#1841,#1842,#1843,#1844,#1845,#1846,#1847,#1848,#1849,#1850,
#1851,#1852,#1853,#1854,#1855,#1856,#1857,#1858,#1859,#1860,#1861,#1862,
#1863,#1864,#1865,#1866,#1867,#1868,#1869,#1870,#1871,#1872,#1873,#1874,
#1875,#1876,#1877,#1878,#1879,#1880,#1881,#1882,#1883,#1884,#1885,#1886,
#1887,#1888,#1889,#1890,#1891,#1892),#1925,.F.);
#2016=ADVANCED_FACE('',(#1893),#256,.F.);
#2017=ADVANCED_FACE('',(#1894),#1926,.F.);
#2018=ADVANCED_FACE('',(#1895),#257,.F.);
#2019=ADVANCED_FACE('',(#1896),#1927,.F.);
#2020=ADVANCED_FACE('',(#1897),#258,.T.);
#2021=ADVANCED_FACE('',(#1898),#1928,.T.);
#2022=ADVANCED_FACE('',(#1899),#259,.T.);
#2023=ADVANCED_FACE('',(#1900),#1929,.T.);
#2024=ADVANCED_FACE('',(#1901),#260,.T.);
#2025=ADVANCED_FACE('',(#1902),#261,.T.);
#2026=ADVANCED_FACE('',(#1903),#262,.T.);
#2027=ADVANCED_FACE('',(#1904),#263,.T.);
#2028=ADVANCED_FACE('',(#1905),#1930,.T.);
#2029=ADVANCED_FACE('',(#1906),#1931,.T.);
#2030=ADVANCED_FACE('',(#1907),#1932,.T.);
#2031=ADVANCED_FACE('',(#1908),#1933,.F.);
#2032=ADVANCED_FACE('',(#1909),#1934,.F.);
#2033=ADVANCED_FACE('',(#1910),#1935,.T.);
#2034=ADVANCED_FACE('',(#1911),#264,.T.);
#2035=ADVANCED_FACE('',(#1912),#265,.T.);
#2036=ADVANCED_FACE('',(#1913),#12,.T.);
#2037=ADVANCED_FACE('',(#1914),#266,.T.);
#2038=ADVANCED_FACE('',(#1915),#267,.T.);
#2039=ADVANCED_FACE('',(#1916),#13,.T.);
#2040=ADVANCED_FACE('',(#1917),#268,.T.);
#2041=CLOSED_SHELL('',(#1936,#1937,#1938,#1939,#1940,#1941,#1942,#1943,
#1944,#1945,#1946,#1947,#1948,#1949,#1950,#1951,#1952,#1953,#1954,#1955,
#1956,#1957,#1958,#1959,#1960,#1961,#1962,#1963,#1964,#1965,#1966,#1967,
#1968,#1969,#1970,#1971,#1972,#1973,#1974,#1975,#1976,#1977,#1978,#1979,
#1980,#1981,#1982,#1983,#1984,#1985,#1986,#1987,#1988,#1989,#1990,#1991,
#1992,#1993,#1994,#1995,#1996,#1997,#1998,#1999,#2000,#2001,#2002,#2003,
#2004,#2005,#2006,#2007,#2008,#2009,#2010,#2011,#2012,#2013,#2014,#2015,
#2016,#2017,#2018,#2019,#2020,#2021,#2022,#2023,#2024,#2025,#2026,#2027,
#2028,#2029,#2030,#2031,#2032,#2033,#2034,#2035,#2036,#2037,#2038,#2039,
#2040));
#2042=STYLED_ITEM('',(#2043),#2050);
#2043=PRESENTATION_STYLE_ASSIGNMENT((#2044));
#2044=SURFACE_STYLE_USAGE(.BOTH.,#2045);
#2045=SURFACE_SIDE_STYLE('',(#2046));
#2046=SURFACE_STYLE_FILL_AREA(#2047);
#2047=FILL_AREA_STYLE('',(#2048));
#2048=FILL_AREA_STYLE_COLOUR('',#2049);
#2049=COLOUR_RGB('',0.917647058823529,0.917647058823529,0.917647058823529);
#2050=MANIFOLD_SOLID_BREP('Part 4',#2041);
#2051=SHAPE_DEFINITION_REPRESENTATION(#3479,#2052);
#2052=SHAPE_REPRESENTATION('Part 4',(#2053),#3474);
#2053=AXIS2_PLACEMENT_3D('',#2940,#2329,#2330);
#2054=AXIS2_PLACEMENT_3D('',#2941,#2331,#2332);
#2055=AXIS2_PLACEMENT_3D('',#2950,#2337,#2338);
#2056=AXIS2_PLACEMENT_3D('',#2963,#2345,#2346);
#2057=AXIS2_PLACEMENT_3D('',#2972,#2351,#2352);
#2058=AXIS2_PLACEMENT_3D('',#2981,#2357,#2358);
#2059=AXIS2_PLACEMENT_3D('',#2990,#2363,#2364);
#2060=AXIS2_PLACEMENT_3D('',#2991,#2365,#2366);
#2061=AXIS2_PLACEMENT_3D('',#2993,#2367,#2368);
#2062=AXIS2_PLACEMENT_3D('',#2995,#2369,#2370);
#2063=AXIS2_PLACEMENT_3D('',#2996,#2371,#2372);
#2064=AXIS2_PLACEMENT_3D('',#2998,#2373,#2374);
#2065=AXIS2_PLACEMENT_3D('',#3000,#2375,#2376);
#2066=AXIS2_PLACEMENT_3D('',#3001,#2377,#2378);
#2067=AXIS2_PLACEMENT_3D('',#3003,#2379,#2380);
#2068=AXIS2_PLACEMENT_3D('',#3005,#2381,#2382);
#2069=AXIS2_PLACEMENT_3D('',#3006,#2383,#2384);
#2070=AXIS2_PLACEMENT_3D('',#3008,#2385,#2386);
#2071=AXIS2_PLACEMENT_3D('',#3010,#2387,#2388);
#2072=AXIS2_PLACEMENT_3D('',#3011,#2389,#2390);
#2073=AXIS2_PLACEMENT_3D('',#3013,#2391,#2392);
#2074=AXIS2_PLACEMENT_3D('',#3015,#2393,#2394);
#2075=AXIS2_PLACEMENT_3D('',#3016,#2395,#2396);
#2076=AXIS2_PLACEMENT_3D('',#3018,#2397,#2398);
#2077=AXIS2_PLACEMENT_3D('',#3020,#2399,#2400);
#2078=AXIS2_PLACEMENT_3D('',#3021,#2401,#2402);
#2079=AXIS2_PLACEMENT_3D('',#3023,#2403,#2404);
#2080=AXIS2_PLACEMENT_3D('',#3025,#2405,#2406);
#2081=AXIS2_PLACEMENT_3D('',#3026,#2407,#2408);
#2082=AXIS2_PLACEMENT_3D('',#3028,#2409,#2410);
#2083=AXIS2_PLACEMENT_3D('',#3030,#2411,#2412);
#2084=AXIS2_PLACEMENT_3D('',#3031,#2413,#2414);
#2085=AXIS2_PLACEMENT_3D('',#3033,#2415,#2416);
#2086=AXIS2_PLACEMENT_3D('',#3035,#2417,#2418);
#2087=AXIS2_PLACEMENT_3D('',#3036,#2419,#2420);
#2088=AXIS2_PLACEMENT_3D('',#3038,#2421,#2422);
#2089=AXIS2_PLACEMENT_3D('',#3040,#2423,#2424);
#2090=AXIS2_PLACEMENT_3D('',#3041,#2425,#2426);
#2091=AXIS2_PLACEMENT_3D('',#3043,#2427,#2428);
#2092=AXIS2_PLACEMENT_3D('',#3045,#2429,#2430);
#2093=AXIS2_PLACEMENT_3D('',#3046,#2431,#2432);
#2094=AXIS2_PLACEMENT_3D('',#3048,#2433,#2434);
#2095=AXIS2_PLACEMENT_3D('',#3050,#2435,#2436);
#2096=AXIS2_PLACEMENT_3D('',#3051,#2437,#2438);
#2097=AXIS2_PLACEMENT_3D('',#3053,#2439,#2440);
#2098=AXIS2_PLACEMENT_3D('',#3055,#2441,#2442);
#2099=AXIS2_PLACEMENT_3D('',#3056,#2443,#2444);
#2100=AXIS2_PLACEMENT_3D('',#3058,#2445,#2446);
#2101=AXIS2_PLACEMENT_3D('',#3060,#2447,#2448);
#2102=AXIS2_PLACEMENT_3D('',#3061,#2449,#2450);
#2103=AXIS2_PLACEMENT_3D('',#3063,#2451,#2452);
#2104=AXIS2_PLACEMENT_3D('',#3065,#2453,#2454);
#2105=AXIS2_PLACEMENT_3D('',#3066,#2455,#2456);
#2106=AXIS2_PLACEMENT_3D('',#3068,#2457,#2458);
#2107=AXIS2_PLACEMENT_3D('',#3070,#2459,#2460);
#2108=AXIS2_PLACEMENT_3D('',#3071,#2461,#2462);
#2109=AXIS2_PLACEMENT_3D('',#3073,#2463,#2464);
#2110=AXIS2_PLACEMENT_3D('',#3075,#2465,#2466);
#2111=AXIS2_PLACEMENT_3D('',#3076,#2467,#2468);
#2112=AXIS2_PLACEMENT_3D('',#3078,#2469,#2470);
#2113=AXIS2_PLACEMENT_3D('',#3080,#2471,#2472);
#2114=AXIS2_PLACEMENT_3D('',#3081,#2473,#2474);
#2115=AXIS2_PLACEMENT_3D('',#3083,#2475,#2476);
#2116=AXIS2_PLACEMENT_3D('',#3085,#2477,#2478);
#2117=AXIS2_PLACEMENT_3D('',#3086,#2479,#2480);
#2118=AXIS2_PLACEMENT_3D('',#3088,#2481,#2482);
#2119=AXIS2_PLACEMENT_3D('',#3090,#2483,#2484);
#2120=AXIS2_PLACEMENT_3D('',#3091,#2485,#2486);
#2121=AXIS2_PLACEMENT_3D('',#3093,#2487,#2488);
#2122=AXIS2_PLACEMENT_3D('',#3095,#2489,#2490);
#2123=AXIS2_PLACEMENT_3D('',#3096,#2491,#2492);
#2124=AXIS2_PLACEMENT_3D('',#3098,#2493,#2494);
#2125=AXIS2_PLACEMENT_3D('',#3100,#2495,#2496);
#2126=AXIS2_PLACEMENT_3D('',#3101,#2497,#2498);
#2127=AXIS2_PLACEMENT_3D('',#3103,#2499,#2500);
#2128=AXIS2_PLACEMENT_3D('',#3105,#2501,#2502);
#2129=AXIS2_PLACEMENT_3D('',#3106,#2503,#2504);
#2130=AXIS2_PLACEMENT_3D('',#3108,#2505,#2506);
#2131=AXIS2_PLACEMENT_3D('',#3110,#2507,#2508);
#2132=AXIS2_PLACEMENT_3D('',#3111,#2509,#2510);
#2133=AXIS2_PLACEMENT_3D('',#3113,#2511,#2512);
#2134=AXIS2_PLACEMENT_3D('',#3115,#2513,#2514);
#2135=AXIS2_PLACEMENT_3D('',#3116,#2515,#2516);
#2136=AXIS2_PLACEMENT_3D('',#3118,#2517,#2518);
#2137=AXIS2_PLACEMENT_3D('',#3120,#2519,#2520);
#2138=AXIS2_PLACEMENT_3D('',#3121,#2521,#2522);
#2139=AXIS2_PLACEMENT_3D('',#3123,#2523,#2524);
#2140=AXIS2_PLACEMENT_3D('',#3125,#2525,#2526);
#2141=AXIS2_PLACEMENT_3D('',#3126,#2527,#2528);
#2142=AXIS2_PLACEMENT_3D('',#3128,#2529,#2530);
#2143=AXIS2_PLACEMENT_3D('',#3130,#2531,#2532);
#2144=AXIS2_PLACEMENT_3D('',#3131,#2533,#2534);
#2145=AXIS2_PLACEMENT_3D('',#3133,#2535,#2536);
#2146=AXIS2_PLACEMENT_3D('',#3135,#2537,#2538);
#2147=AXIS2_PLACEMENT_3D('',#3136,#2539,#2540);
#2148=AXIS2_PLACEMENT_3D('',#3138,#2541,#2542);
#2149=AXIS2_PLACEMENT_3D('',#3140,#2543,#2544);
#2150=AXIS2_PLACEMENT_3D('',#3141,#2545,#2546);
#2151=AXIS2_PLACEMENT_3D('',#3143,#2547,#2548);
#2152=AXIS2_PLACEMENT_3D('',#3145,#2549,#2550);
#2153=AXIS2_PLACEMENT_3D('',#3146,#2551,#2552);
#2154=AXIS2_PLACEMENT_3D('',#3148,#2553,#2554);
#2155=AXIS2_PLACEMENT_3D('',#3150,#2555,#2556);
#2156=AXIS2_PLACEMENT_3D('',#3151,#2557,#2558);
#2157=AXIS2_PLACEMENT_3D('',#3153,#2559,#2560);
#2158=AXIS2_PLACEMENT_3D('',#3155,#2561,#2562);
#2159=AXIS2_PLACEMENT_3D('',#3156,#2563,#2564);
#2160=AXIS2_PLACEMENT_3D('',#3158,#2565,#2566);
#2161=AXIS2_PLACEMENT_3D('',#3160,#2567,#2568);
#2162=AXIS2_PLACEMENT_3D('',#3161,#2569,#2570);
#2163=AXIS2_PLACEMENT_3D('',#3163,#2571,#2572);
#2164=AXIS2_PLACEMENT_3D('',#3165,#2573,#2574);
#2165=AXIS2_PLACEMENT_3D('',#3166,#2575,#2576);
#2166=AXIS2_PLACEMENT_3D('',#3168,#2577,#2578);
#2167=AXIS2_PLACEMENT_3D('',#3170,#2579,#2580);
#2168=AXIS2_PLACEMENT_3D('',#3171,#2581,#2582);
#2169=AXIS2_PLACEMENT_3D('',#3173,#2583,#2584);
#2170=AXIS2_PLACEMENT_3D('',#3175,#2585,#2586);
#2171=AXIS2_PLACEMENT_3D('',#3176,#2587,#2588);
#2172=AXIS2_PLACEMENT_3D('',#3178,#2589,#2590);
#2173=AXIS2_PLACEMENT_3D('',#3180,#2591,#2592);
#2174=AXIS2_PLACEMENT_3D('',#3181,#2593,#2594);
#2175=AXIS2_PLACEMENT_3D('',#3183,#2595,#2596);
#2176=AXIS2_PLACEMENT_3D('',#3185,#2597,#2598);
#2177=AXIS2_PLACEMENT_3D('',#3186,#2599,#2600);
#2178=AXIS2_PLACEMENT_3D('',#3188,#2601,#2602);
#2179=AXIS2_PLACEMENT_3D('',#3190,#2603,#2604);
#2180=AXIS2_PLACEMENT_3D('',#3191,#2605,#2606);
#2181=AXIS2_PLACEMENT_3D('',#3193,#2607,#2608);
#2182=AXIS2_PLACEMENT_3D('',#3195,#2609,#2610);
#2183=AXIS2_PLACEMENT_3D('',#3196,#2611,#2612);
#2184=AXIS2_PLACEMENT_3D('',#3198,#2613,#2614);
#2185=AXIS2_PLACEMENT_3D('',#3200,#2615,#2616);
#2186=AXIS2_PLACEMENT_3D('',#3201,#2617,#2618);
#2187=AXIS2_PLACEMENT_3D('',#3203,#2619,#2620);
#2188=AXIS2_PLACEMENT_3D('',#3205,#2621,#2622);
#2189=AXIS2_PLACEMENT_3D('',#3206,#2623,#2624);
#2190=AXIS2_PLACEMENT_3D('',#3208,#2625,#2626);
#2191=AXIS2_PLACEMENT_3D('',#3210,#2627,#2628);
#2192=AXIS2_PLACEMENT_3D('',#3211,#2629,#2630);
#2193=AXIS2_PLACEMENT_3D('',#3213,#2631,#2632);
#2194=AXIS2_PLACEMENT_3D('',#3215,#2633,#2634);
#2195=AXIS2_PLACEMENT_3D('',#3216,#2635,#2636);
#2196=AXIS2_PLACEMENT_3D('',#3218,#2637,#2638);
#2197=AXIS2_PLACEMENT_3D('',#3220,#2639,#2640);
#2198=AXIS2_PLACEMENT_3D('',#3221,#2641,#2642);
#2199=AXIS2_PLACEMENT_3D('',#3223,#2643,#2644);
#2200=AXIS2_PLACEMENT_3D('',#3225,#2645,#2646);
#2201=AXIS2_PLACEMENT_3D('',#3226,#2647,#2648);
#2202=AXIS2_PLACEMENT_3D('',#3228,#2649,#2650);
#2203=AXIS2_PLACEMENT_3D('',#3230,#2651,#2652);
#2204=AXIS2_PLACEMENT_3D('',#3231,#2653,#2654);
#2205=AXIS2_PLACEMENT_3D('',#3233,#2655,#2656);
#2206=AXIS2_PLACEMENT_3D('',#3235,#2657,#2658);
#2207=AXIS2_PLACEMENT_3D('',#3236,#2659,#2660);
#2208=AXIS2_PLACEMENT_3D('',#3238,#2661,#2662);
#2209=AXIS2_PLACEMENT_3D('',#3240,#2663,#2664);
#2210=AXIS2_PLACEMENT_3D('',#3241,#2665,#2666);
#2211=AXIS2_PLACEMENT_3D('',#3243,#2667,#2668);
#2212=AXIS2_PLACEMENT_3D('',#3245,#2669,#2670);
#2213=AXIS2_PLACEMENT_3D('',#3246,#2671,#2672);
#2214=AXIS2_PLACEMENT_3D('',#3248,#2673,#2674);
#2215=AXIS2_PLACEMENT_3D('',#3250,#2675,#2676);
#2216=AXIS2_PLACEMENT_3D('',#3251,#2677,#2678);
#2217=AXIS2_PLACEMENT_3D('',#3253,#2679,#2680);
#2218=AXIS2_PLACEMENT_3D('',#3255,#2681,#2682);
#2219=AXIS2_PLACEMENT_3D('',#3256,#2683,#2684);
#2220=AXIS2_PLACEMENT_3D('',#3258,#2685,#2686);
#2221=AXIS2_PLACEMENT_3D('',#3260,#2687,#2688);
#2222=AXIS2_PLACEMENT_3D('',#3261,#2689,#2690);
#2223=AXIS2_PLACEMENT_3D('',#3263,#2691,#2692);
#2224=AXIS2_PLACEMENT_3D('',#3265,#2693,#2694);
#2225=AXIS2_PLACEMENT_3D('',#3266,#2695,#2696);
#2226=AXIS2_PLACEMENT_3D('',#3268,#2697,#2698);
#2227=AXIS2_PLACEMENT_3D('',#3270,#2699,#2700);
#2228=AXIS2_PLACEMENT_3D('',#3271,#2701,#2702);
#2229=AXIS2_PLACEMENT_3D('',#3273,#2703,#2704);
#2230=AXIS2_PLACEMENT_3D('',#3275,#2705,#2706);
#2231=AXIS2_PLACEMENT_3D('',#3276,#2707,#2708);
#2232=AXIS2_PLACEMENT_3D('',#3278,#2709,#2710);
#2233=AXIS2_PLACEMENT_3D('',#3280,#2711,#2712);
#2234=AXIS2_PLACEMENT_3D('',#3281,#2713,#2714);
#2235=AXIS2_PLACEMENT_3D('',#3283,#2715,#2716);
#2236=AXIS2_PLACEMENT_3D('',#3285,#2717,#2718);
#2237=AXIS2_PLACEMENT_3D('',#3286,#2719,#2720);
#2238=AXIS2_PLACEMENT_3D('',#3288,#2721,#2722);
#2239=AXIS2_PLACEMENT_3D('',#3290,#2723,#2724);
#2240=AXIS2_PLACEMENT_3D('',#3291,#2725,#2726);
#2241=AXIS2_PLACEMENT_3D('',#3293,#2727,#2728);
#2242=AXIS2_PLACEMENT_3D('',#3295,#2729,#2730);
#2243=AXIS2_PLACEMENT_3D('',#3296,#2731,#2732);
#2244=AXIS2_PLACEMENT_3D('',#3298,#2733,#2734);
#2245=AXIS2_PLACEMENT_3D('',#3300,#2735,#2736);
#2246=AXIS2_PLACEMENT_3D('',#3301,#2737,#2738);
#2247=AXIS2_PLACEMENT_3D('',#3303,#2739,#2740);
#2248=AXIS2_PLACEMENT_3D('',#3305,#2741,#2742);
#2249=AXIS2_PLACEMENT_3D('',#3306,#2743,#2744);
#2250=AXIS2_PLACEMENT_3D('',#3308,#2745,#2746);
#2251=AXIS2_PLACEMENT_3D('',#3310,#2747,#2748);
#2252=AXIS2_PLACEMENT_3D('',#3311,#2749,#2750);
#2253=AXIS2_PLACEMENT_3D('',#3313,#2751,#2752);
#2254=AXIS2_PLACEMENT_3D('',#3315,#2753,#2754);
#2255=AXIS2_PLACEMENT_3D('',#3316,#2755,#2756);
#2256=AXIS2_PLACEMENT_3D('',#3318,#2757,#2758);
#2257=AXIS2_PLACEMENT_3D('',#3320,#2759,#2760);
#2258=AXIS2_PLACEMENT_3D('',#3321,#2761,#2762);
#2259=AXIS2_PLACEMENT_3D('',#3323,#2763,#2764);
#2260=AXIS2_PLACEMENT_3D('',#3325,#2765,#2766);
#2261=AXIS2_PLACEMENT_3D('',#3326,#2767,#2768);
#2262=AXIS2_PLACEMENT_3D('',#3328,#2769,#2770);
#2263=AXIS2_PLACEMENT_3D('',#3330,#2771,#2772);
#2264=AXIS2_PLACEMENT_3D('',#3331,#2773,#2774);
#2265=AXIS2_PLACEMENT_3D('',#3333,#2775,#2776);
#2266=AXIS2_PLACEMENT_3D('',#3335,#2777,#2778);
#2267=AXIS2_PLACEMENT_3D('',#3336,#2779,#2780);
#2268=AXIS2_PLACEMENT_3D('',#3338,#2781,#2782);
#2269=AXIS2_PLACEMENT_3D('',#3340,#2783,#2784);
#2270=AXIS2_PLACEMENT_3D('',#3341,#2785,#2786);
#2271=AXIS2_PLACEMENT_3D('',#3343,#2787,#2788);
#2272=AXIS2_PLACEMENT_3D('',#3345,#2789,#2790);
#2273=AXIS2_PLACEMENT_3D('',#3346,#2791,#2792);
#2274=AXIS2_PLACEMENT_3D('',#3348,#2793,#2794);
#2275=AXIS2_PLACEMENT_3D('',#3350,#2795,#2796);
#2276=AXIS2_PLACEMENT_3D('',#3359,#2801,#2802);
#2277=AXIS2_PLACEMENT_3D('',#3360,#2803,#2804);
#2278=AXIS2_PLACEMENT_3D('',#3361,#2805,#2806);
#2279=AXIS2_PLACEMENT_3D('',#3362,#2807,#2808);
#2280=AXIS2_PLACEMENT_3D('',#3365,#2810,#2811);
#2281=AXIS2_PLACEMENT_3D('',#3369,#2813,#2814);
#2282=AXIS2_PLACEMENT_3D('',#3372,#2816,#2817);
#2283=AXIS2_PLACEMENT_3D('',#3373,#2818,#2819);
#2284=AXIS2_PLACEMENT_3D('',#3375,#2820,#2821);
#2285=AXIS2_PLACEMENT_3D('',#3378,#2823,#2824);
#2286=AXIS2_PLACEMENT_3D('',#3379,#2825,#2826);
#2287=AXIS2_PLACEMENT_3D('',#3383,#2828,#2829);
#2288=AXIS2_PLACEMENT_3D('',#3387,#2831,#2832);
#2289=AXIS2_PLACEMENT_3D('',#3390,#2834,#2835);
#2290=AXIS2_PLACEMENT_3D('',#3393,#2837,#2838);
#2291=AXIS2_PLACEMENT_3D('',#3394,#2839,#2840);
#2292=AXIS2_PLACEMENT_3D('',#3397,#2842,#2843);
#2293=AXIS2_PLACEMENT_3D('',#3401,#2845,#2846);
#2294=AXIS2_PLACEMENT_3D('',#3404,#2848,#2849);
#2295=AXIS2_PLACEMENT_3D('',#3405,#2850,#2851);
#2296=AXIS2_PLACEMENT_3D('',#3406,#2852,#2853);
#2297=AXIS2_PLACEMENT_3D('',#3408,#2855,#2856);
#2298=AXIS2_PLACEMENT_3D('',#3410,#2858,#2859);
#2299=AXIS2_PLACEMENT_3D('',#3411,#2860,#2861);
#2300=AXIS2_PLACEMENT_3D('',#3413,#2863,#2864);
#2301=AXIS2_PLACEMENT_3D('',#3415,#2866,#2867);
#2302=AXIS2_PLACEMENT_3D('',#3417,#2869,#2870);
#2303=AXIS2_PLACEMENT_3D('',#3419,#2872,#2873);
#2304=AXIS2_PLACEMENT_3D('',#3420,#2874,#2875);
#2305=AXIS2_PLACEMENT_3D('',#3421,#2876,#2877);
#2306=AXIS2_PLACEMENT_3D('',#3422,#2878,#2879);
#2307=AXIS2_PLACEMENT_3D('',#3423,#2880,#2881);
#2308=AXIS2_PLACEMENT_3D('',#3424,#2882,#2883);
#2309=AXIS2_PLACEMENT_3D('',#3432,#2888,#2889);
#2310=AXIS2_PLACEMENT_3D('',#3440,#2894,#2895);
#2311=AXIS2_PLACEMENT_3D('',#3446,#2899,#2900);
#2312=AXIS2_PLACEMENT_3D('',#3448,#2902,#2903);
#2313=AXIS2_PLACEMENT_3D('',#3452,#2905,#2906);
#2314=AXIS2_PLACEMENT_3D('',#3453,#2907,#2908);
#2315=AXIS2_PLACEMENT_3D('',#3454,#2909,#2910);
#2316=AXIS2_PLACEMENT_3D('',#3460,#2914,#2915);
#2317=AXIS2_PLACEMENT_3D('',#3461,#2916,#2917);
#2318=AXIS2_PLACEMENT_3D('',#3462,#2918,#2919);
#2319=AXIS2_PLACEMENT_3D('',#3463,#2920,#2921);
#2320=AXIS2_PLACEMENT_3D('',#3464,#2922,#2923);
#2321=AXIS2_PLACEMENT_3D('',#3465,#2924,#2925);
#2322=AXIS2_PLACEMENT_3D('',#3466,#2926,#2927);
#2323=AXIS2_PLACEMENT_3D('',#3467,#2928,#2929);
#2324=AXIS2_PLACEMENT_3D('',#3468,#2930,#2931);
#2325=AXIS2_PLACEMENT_3D('',#3469,#2932,#2933);
#2326=AXIS2_PLACEMENT_3D('',#3470,#2934,#2935);
#2327=AXIS2_PLACEMENT_3D('',#3471,#2936,#2937);
#2328=AXIS2_PLACEMENT_3D('',#3472,#2938,#2939);
#2329=DIRECTION('',(0.,0.,1.));
#2330=DIRECTION('',(1.,0.,0.));
#2331=DIRECTION('',(0.,1.,0.));
#2332=DIRECTION('',(0.,0.,1.));
#2333=DIRECTION('',(1.,0.,0.));
#2334=DIRECTION('',(0.,0.,-1.));
#2335=DIRECTION('',(1.,0.,0.));
#2336=DIRECTION('',(0.,0.,1.));
#2337=DIRECTION('',(0.,1.,0.));
#2338=DIRECTION('',(0.,0.,1.));
#2339=DIRECTION('',(0.,0.,1.));
#2340=DIRECTION('',(0.,0.,1.));
#2341=DIRECTION('',(1.,0.,0.));
#2342=DIRECTION('',(0.,0.,1.));
#2343=DIRECTION('',(0.,0.,1.));
#2344=DIRECTION('',(1.,0.,0.));
#2345=DIRECTION('',(0.,1.,0.));
#2346=DIRECTION('',(0.,0.,1.));
#2347=DIRECTION('',(1.,0.,0.));
#2348=DIRECTION('',(0.,0.,-1.));
#2349=DIRECTION('',(1.,0.,0.));
#2350=DIRECTION('',(0.,0.,1.));
#2351=DIRECTION('',(1.,0.,0.));
#2352=DIRECTION('',(0.,0.,-1.));
#2353=DIRECTION('',(0.,-1.,0.));
#2354=DIRECTION('',(0.,0.,-1.));
#2355=DIRECTION('',(0.,-1.,0.));
#2356=DIRECTION('',(0.,0.,-1.));
#2357=DIRECTION('',(0.,1.,0.));
#2358=DIRECTION('',(0.,0.,1.));
#2359=DIRECTION('',(1.,0.,0.));
#2360=DIRECTION('',(0.,0.,-1.));
#2361=DIRECTION('',(1.,0.,0.));
#2362=DIRECTION('',(0.,0.,-1.));
#2363=DIRECTION('',(0.,0.,-1.));
#2364=DIRECTION('',(-1.,0.,0.));
#2365=DIRECTION('',(0.,0.,1.));
#2366=DIRECTION('',(1.,0.,0.));
#2367=DIRECTION('',(0.,0.,1.));
#2368=DIRECTION('',(1.,0.,0.));
#2369=DIRECTION('',(0.,0.,-1.));
#2370=DIRECTION('',(-1.,0.,0.));
#2371=DIRECTION('',(0.,0.,1.));
#2372=DIRECTION('',(1.,0.,0.));
#2373=DIRECTION('',(0.,0.,1.));
#2374=DIRECTION('',(1.,0.,0.));
#2375=DIRECTION('',(0.,0.,-1.));
#2376=DIRECTION('',(-1.,0.,0.));
#2377=DIRECTION('',(0.,0.,1.));
#2378=DIRECTION('',(1.,0.,0.));
#2379=DIRECTION('',(0.,0.,1.));
#2380=DIRECTION('',(1.,0.,0.));
#2381=DIRECTION('',(0.,0.,-1.));
#2382=DIRECTION('',(-1.,0.,0.));
#2383=DIRECTION('',(0.,0.,1.));
#2384=DIRECTION('',(1.,0.,0.));
#2385=DIRECTION('',(0.,0.,1.));
#2386=DIRECTION('',(1.,0.,0.));
#2387=DIRECTION('',(0.,0.,-1.));
#2388=DIRECTION('',(-1.,0.,0.));
#2389=DIRECTION('',(0.,0.,1.));
#2390=DIRECTION('',(1.,0.,0.));
#2391=DIRECTION('',(0.,0.,1.));
#2392=DIRECTION('',(1.,0.,0.));
#2393=DIRECTION('',(0.,0.,-1.));
#2394=DIRECTION('',(-1.,0.,0.));
#2395=DIRECTION('',(0.,0.,1.));
#2396=DIRECTION('',(1.,0.,0.));
#2397=DIRECTION('',(0.,0.,1.));
#2398=DIRECTION('',(1.,0.,0.));
#2399=DIRECTION('',(0.,0.,-1.));
#2400=DIRECTION('',(-1.,0.,0.));
#2401=DIRECTION('',(0.,0.,1.));
#2402=DIRECTION('',(1.,0.,0.));
#2403=DIRECTION('',(0.,0.,1.));
#2404=DIRECTION('',(1.,0.,0.));
#2405=DIRECTION('',(0.,0.,-1.));
#2406=DIRECTION('',(-1.,0.,0.));
#2407=DIRECTION('',(0.,0.,1.));
#2408=DIRECTION('',(1.,0.,0.));
#2409=DIRECTION('',(0.,0.,1.));
#2410=DIRECTION('',(1.,0.,0.));
#2411=DIRECTION('',(0.,0.,-1.));
#2412=DIRECTION('',(-1.,0.,0.));
#2413=DIRECTION('',(0.,0.,1.));
#2414=DIRECTION('',(1.,0.,0.));
#2415=DIRECTION('',(0.,0.,1.));
#2416=DIRECTION('',(1.,0.,0.));
#2417=DIRECTION('',(0.,0.,-1.));
#2418=DIRECTION('',(-1.,0.,0.));
#2419=DIRECTION('',(0.,0.,1.));
#2420=DIRECTION('',(1.,0.,0.));
#2421=DIRECTION('',(0.,0.,1.));
#2422=DIRECTION('',(1.,0.,0.));
#2423=DIRECTION('',(0.,0.,-1.));
#2424=DIRECTION('',(-1.,0.,0.));
#2425=DIRECTION('',(0.,0.,1.));
#2426=DIRECTION('',(1.,0.,0.));
#2427=DIRECTION('',(0.,0.,1.));
#2428=DIRECTION('',(1.,0.,0.));
#2429=DIRECTION('',(0.,0.,-1.));
#2430=DIRECTION('',(-1.,0.,0.));
#2431=DIRECTION('',(0.,0.,1.));
#2432=DIRECTION('',(1.,0.,0.));
#2433=DIRECTION('',(0.,0.,1.));
#2434=DIRECTION('',(1.,0.,0.));
#2435=DIRECTION('',(0.,0.,-1.));
#2436=DIRECTION('',(-1.,0.,0.));
#2437=DIRECTION('',(0.,0.,1.));
#2438=DIRECTION('',(1.,0.,0.));
#2439=DIRECTION('',(0.,0.,1.));
#2440=DIRECTION('',(1.,0.,0.));
#2441=DIRECTION('',(0.,0.,-1.));
#2442=DIRECTION('',(-1.,0.,0.));
#2443=DIRECTION('',(0.,0.,1.));
#2444=DIRECTION('',(1.,0.,0.));
#2445=DIRECTION('',(0.,0.,1.));
#2446=DIRECTION('',(1.,0.,0.));
#2447=DIRECTION('',(0.,0.,-1.));
#2448=DIRECTION('',(-1.,0.,0.));
#2449=DIRECTION('',(0.,0.,1.));
#2450=DIRECTION('',(1.,0.,0.));
#2451=DIRECTION('',(0.,0.,1.));
#2452=DIRECTION('',(1.,0.,0.));
#2453=DIRECTION('',(0.,0.,-1.));
#2454=DIRECTION('',(-1.,0.,0.));
#2455=DIRECTION('',(0.,0.,1.));
#2456=DIRECTION('',(1.,0.,0.));
#2457=DIRECTION('',(0.,0.,1.));
#2458=DIRECTION('',(1.,0.,0.));
#2459=DIRECTION('',(0.,0.,-1.));
#2460=DIRECTION('',(-1.,0.,0.));
#2461=DIRECTION('',(0.,0.,1.));
#2462=DIRECTION('',(1.,0.,0.));
#2463=DIRECTION('',(0.,0.,1.));
#2464=DIRECTION('',(1.,0.,0.));
#2465=DIRECTION('',(0.,0.,-1.));
#2466=DIRECTION('',(-1.,0.,0.));
#2467=DIRECTION('',(0.,0.,1.));
#2468=DIRECTION('',(1.,0.,0.));
#2469=DIRECTION('',(0.,0.,1.));
#2470=DIRECTION('',(1.,0.,0.));
#2471=DIRECTION('',(0.,0.,-1.));
#2472=DIRECTION('',(-1.,0.,0.));
#2473=DIRECTION('',(0.,0.,1.));
#2474=DIRECTION('',(1.,0.,0.));
#2475=DIRECTION('',(0.,0.,1.));
#2476=DIRECTION('',(1.,0.,0.));
#2477=DIRECTION('',(0.,0.,-1.));
#2478=DIRECTION('',(-1.,0.,0.));
#2479=DIRECTION('',(0.,0.,1.));
#2480=DIRECTION('',(1.,0.,0.));
#2481=DIRECTION('',(0.,0.,1.));
#2482=DIRECTION('',(1.,0.,0.));
#2483=DIRECTION('',(0.,0.,-1.));
#2484=DIRECTION('',(-1.,0.,0.));
#2485=DIRECTION('',(0.,0.,1.));
#2486=DIRECTION('',(1.,0.,0.));
#2487=DIRECTION('',(0.,0.,1.));
#2488=DIRECTION('',(1.,0.,0.));
#2489=DIRECTION('',(0.,0.,-1.));
#2490=DIRECTION('',(-1.,0.,0.));
#2491=DIRECTION('',(0.,0.,1.));
#2492=DIRECTION('',(1.,0.,0.));
#2493=DIRECTION('',(0.,0.,1.));
#2494=DIRECTION('',(1.,0.,0.));
#2495=DIRECTION('',(0.,0.,-1.));
#2496=DIRECTION('',(-1.,0.,0.));
#2497=DIRECTION('',(0.,0.,1.));
#2498=DIRECTION('',(1.,0.,0.));
#2499=DIRECTION('',(0.,0.,1.));
#2500=DIRECTION('',(1.,0.,0.));
#2501=DIRECTION('',(0.,0.,-1.));
#2502=DIRECTION('',(-1.,0.,0.));
#2503=DIRECTION('',(0.,0.,1.));
#2504=DIRECTION('',(1.,0.,0.));
#2505=DIRECTION('',(0.,0.,1.));
#2506=DIRECTION('',(1.,0.,0.));
#2507=DIRECTION('',(0.,0.,-1.));
#2508=DIRECTION('',(-1.,0.,0.));
#2509=DIRECTION('',(0.,0.,1.));
#2510=DIRECTION('',(1.,0.,0.));
#2511=DIRECTION('',(0.,0.,1.));
#2512=DIRECTION('',(1.,0.,0.));
#2513=DIRECTION('',(0.,0.,-1.));
#2514=DIRECTION('',(-1.,0.,0.));
#2515=DIRECTION('',(0.,0.,1.));
#2516=DIRECTION('',(1.,0.,0.));
#2517=DIRECTION('',(0.,0.,1.));
#2518=DIRECTION('',(1.,0.,0.));
#2519=DIRECTION('',(0.,0.,-1.));
#2520=DIRECTION('',(-1.,0.,0.));
#2521=DIRECTION('',(0.,0.,1.));
#2522=DIRECTION('',(1.,0.,0.));
#2523=DIRECTION('',(0.,0.,1.));
#2524=DIRECTION('',(1.,0.,0.));
#2525=DIRECTION('',(0.,0.,-1.));
#2526=DIRECTION('',(-1.,0.,0.));
#2527=DIRECTION('',(0.,0.,1.));
#2528=DIRECTION('',(1.,0.,0.));
#2529=DIRECTION('',(0.,0.,1.));
#2530=DIRECTION('',(1.,0.,0.));
#2531=DIRECTION('',(0.,0.,-1.));
#2532=DIRECTION('',(-1.,0.,0.));
#2533=DIRECTION('',(0.,0.,1.));
#2534=DIRECTION('',(1.,0.,0.));
#2535=DIRECTION('',(0.,0.,1.));
#2536=DIRECTION('',(1.,0.,0.));
#2537=DIRECTION('',(0.,0.,-1.));
#2538=DIRECTION('',(-1.,0.,0.));
#2539=DIRECTION('',(0.,0.,1.));
#2540=DIRECTION('',(1.,0.,0.));
#2541=DIRECTION('',(0.,0.,1.));
#2542=DIRECTION('',(1.,0.,0.));
#2543=DIRECTION('',(0.,0.,-1.));
#2544=DIRECTION('',(-1.,0.,0.));
#2545=DIRECTION('',(0.,0.,1.));
#2546=DIRECTION('',(1.,0.,0.));
#2547=DIRECTION('',(0.,0.,1.));
#2548=DIRECTION('',(1.,0.,0.));
#2549=DIRECTION('',(0.,0.,-1.));
#2550=DIRECTION('',(-1.,0.,0.));
#2551=DIRECTION('',(0.,0.,1.));
#2552=DIRECTION('',(1.,0.,0.));
#2553=DIRECTION('',(0.,0.,1.));
#2554=DIRECTION('',(1.,0.,0.));
#2555=DIRECTION('',(0.,0.,-1.));
#2556=DIRECTION('',(-1.,0.,0.));
#2557=DIRECTION('',(0.,0.,1.));
#2558=DIRECTION('',(1.,0.,0.));
#2559=DIRECTION('',(0.,0.,1.));
#2560=DIRECTION('',(1.,0.,0.));
#2561=DIRECTION('',(0.,0.,-1.));
#2562=DIRECTION('',(-1.,0.,0.));
#2563=DIRECTION('',(0.,0.,1.));
#2564=DIRECTION('',(1.,0.,0.));
#2565=DIRECTION('',(0.,0.,1.));
#2566=DIRECTION('',(1.,0.,0.));
#2567=DIRECTION('',(0.,0.,-1.));
#2568=DIRECTION('',(-1.,0.,0.));
#2569=DIRECTION('',(0.,0.,1.));
#2570=DIRECTION('',(1.,0.,0.));
#2571=DIRECTION('',(0.,0.,1.));
#2572=DIRECTION('',(1.,0.,0.));
#2573=DIRECTION('',(0.,0.,-1.));
#2574=DIRECTION('',(-1.,0.,0.));
#2575=DIRECTION('',(0.,0.,1.));
#2576=DIRECTION('',(1.,0.,0.));
#2577=DIRECTION('',(0.,0.,1.));
#2578=DIRECTION('',(1.,0.,0.));
#2579=DIRECTION('',(0.,0.,-1.));
#2580=DIRECTION('',(-1.,0.,0.));
#2581=DIRECTION('',(0.,0.,1.));
#2582=DIRECTION('',(1.,0.,0.));
#2583=DIRECTION('',(0.,0.,1.));
#2584=DIRECTION('',(1.,0.,0.));
#2585=DIRECTION('',(0.,0.,-1.));
#2586=DIRECTION('',(-1.,0.,0.));
#2587=DIRECTION('',(0.,0.,1.));
#2588=DIRECTION('',(1.,0.,0.));
#2589=DIRECTION('',(0.,0.,1.));
#2590=DIRECTION('',(1.,0.,0.));
#2591=DIRECTION('',(0.,0.,-1.));
#2592=DIRECTION('',(-1.,0.,0.));
#2593=DIRECTION('',(0.,0.,1.));
#2594=DIRECTION('',(1.,0.,0.));
#2595=DIRECTION('',(0.,0.,1.));
#2596=DIRECTION('',(1.,0.,0.));
#2597=DIRECTION('',(0.,0.,-1.));
#2598=DIRECTION('',(-1.,0.,0.));
#2599=DIRECTION('',(0.,0.,1.));
#2600=DIRECTION('',(1.,0.,0.));
#2601=DIRECTION('',(0.,0.,1.));
#2602=DIRECTION('',(1.,0.,0.));
#2603=DIRECTION('',(0.,0.,-1.));
#2604=DIRECTION('',(-1.,0.,0.));
#2605=DIRECTION('',(0.,0.,1.));
#2606=DIRECTION('',(1.,0.,0.));
#2607=DIRECTION('',(0.,0.,1.));
#2608=DIRECTION('',(1.,0.,0.));
#2609=DIRECTION('',(0.,0.,-1.));
#2610=DIRECTION('',(-1.,0.,0.));
#2611=DIRECTION('',(0.,0.,1.));
#2612=DIRECTION('',(1.,0.,0.));
#2613=DIRECTION('',(0.,0.,1.));
#2614=DIRECTION('',(1.,0.,0.));
#2615=DIRECTION('',(0.,0.,-1.));
#2616=DIRECTION('',(-1.,0.,0.));
#2617=DIRECTION('',(0.,0.,1.));
#2618=DIRECTION('',(1.,0.,0.));
#2619=DIRECTION('',(0.,0.,1.));
#2620=DIRECTION('',(1.,0.,0.));
#2621=DIRECTION('',(0.,0.,-1.));
#2622=DIRECTION('',(-1.,0.,0.));
#2623=DIRECTION('',(0.,0.,1.));
#2624=DIRECTION('',(1.,0.,0.));
#2625=DIRECTION('',(0.,0.,1.));
#2626=DIRECTION('',(1.,0.,0.));
#2627=DIRECTION('',(0.,0.,-1.));
#2628=DIRECTION('',(-1.,0.,0.));
#2629=DIRECTION('',(0.,0.,1.));
#2630=DIRECTION('',(1.,0.,0.));
#2631=DIRECTION('',(0.,0.,1.));
#2632=DIRECTION('',(1.,0.,0.));
#2633=DIRECTION('',(0.,0.,-1.));
#2634=DIRECTION('',(-1.,0.,0.));
#2635=DIRECTION('',(0.,0.,1.));
#2636=DIRECTION('',(1.,0.,0.));
#2637=DIRECTION('',(0.,0.,1.));
#2638=DIRECTION('',(1.,0.,0.));
#2639=DIRECTION('',(0.,0.,-1.));
#2640=DIRECTION('',(-1.,0.,0.));
#2641=DIRECTION('',(0.,0.,1.));
#2642=DIRECTION('',(1.,0.,0.));
#2643=DIRECTION('',(0.,0.,1.));
#2644=DIRECTION('',(1.,0.,0.));
#2645=DIRECTION('',(0.,0.,-1.));
#2646=DIRECTION('',(-1.,0.,0.));
#2647=DIRECTION('',(0.,0.,1.));
#2648=DIRECTION('',(1.,0.,0.));
#2649=DIRECTION('',(0.,0.,1.));
#2650=DIRECTION('',(1.,0.,0.));
#2651=DIRECTION('',(0.,0.,-1.));
#2652=DIRECTION('',(-1.,0.,0.));
#2653=DIRECTION('',(0.,0.,1.));
#2654=DIRECTION('',(1.,0.,0.));
#2655=DIRECTION('',(0.,0.,1.));
#2656=DIRECTION('',(1.,0.,0.));
#2657=DIRECTION('',(0.,0.,-1.));
#2658=DIRECTION('',(-1.,0.,0.));
#2659=DIRECTION('',(0.,0.,1.));
#2660=DIRECTION('',(1.,0.,0.));
#2661=DIRECTION('',(0.,0.,1.));
#2662=DIRECTION('',(1.,0.,0.));
#2663=DIRECTION('',(0.,0.,-1.));
#2664=DIRECTION('',(-1.,0.,0.));
#2665=DIRECTION('',(0.,0.,1.));
#2666=DIRECTION('',(1.,0.,0.));
#2667=DIRECTION('',(0.,0.,1.));
#2668=DIRECTION('',(1.,0.,0.));
#2669=DIRECTION('',(0.,0.,-1.));
#2670=DIRECTION('',(-1.,0.,0.));
#2671=DIRECTION('',(0.,0.,1.));
#2672=DIRECTION('',(1.,0.,0.));
#2673=DIRECTION('',(0.,0.,1.));
#2674=DIRECTION('',(1.,0.,0.));
#2675=DIRECTION('',(0.,0.,-1.));
#2676=DIRECTION('',(-1.,0.,0.));
#2677=DIRECTION('',(0.,0.,1.));
#2678=DIRECTION('',(1.,0.,0.));
#2679=DIRECTION('',(0.,0.,1.));
#2680=DIRECTION('',(1.,0.,0.));
#2681=DIRECTION('',(0.,0.,-1.));
#2682=DIRECTION('',(-1.,0.,0.));
#2683=DIRECTION('',(0.,0.,1.));
#2684=DIRECTION('',(1.,0.,0.));
#2685=DIRECTION('',(0.,0.,1.));
#2686=DIRECTION('',(1.,0.,0.));
#2687=DIRECTION('',(0.,0.,-1.));
#2688=DIRECTION('',(-1.,0.,0.));
#2689=DIRECTION('',(0.,0.,1.));
#2690=DIRECTION('',(1.,0.,0.));
#2691=DIRECTION('',(0.,0.,1.));
#2692=DIRECTION('',(1.,0.,0.));
#2693=DIRECTION('',(0.,0.,-1.));
#2694=DIRECTION('',(-1.,0.,0.));
#2695=DIRECTION('',(0.,0.,1.));
#2696=DIRECTION('',(1.,0.,0.));
#2697=DIRECTION('',(0.,0.,1.));
#2698=DIRECTION('',(1.,0.,0.));
#2699=DIRECTION('',(0.,0.,-1.));
#2700=DIRECTION('',(-1.,0.,0.));
#2701=DIRECTION('',(0.,0.,1.));
#2702=DIRECTION('',(1.,0.,0.));
#2703=DIRECTION('',(0.,0.,1.));
#2704=DIRECTION('',(1.,0.,0.));
#2705=DIRECTION('',(0.,0.,-1.));
#2706=DIRECTION('',(-1.,0.,0.));
#2707=DIRECTION('',(0.,0.,1.));
#2708=DIRECTION('',(1.,0.,0.));
#2709=DIRECTION('',(0.,0.,1.));
#2710=DIRECTION('',(1.,0.,0.));
#2711=DIRECTION('',(0.,0.,-1.));
#2712=DIRECTION('',(-1.,0.,0.));
#2713=DIRECTION('',(0.,0.,1.));
#2714=DIRECTION('',(1.,0.,0.));
#2715=DIRECTION('',(0.,0.,1.));
#2716=DIRECTION('',(1.,0.,0.));
#2717=DIRECTION('',(0.,0.,-1.));
#2718=DIRECTION('',(-1.,0.,0.));
#2719=DIRECTION('',(0.,0.,1.));
#2720=DIRECTION('',(1.,0.,0.));
#2721=DIRECTION('',(0.,0.,1.));
#2722=DIRECTION('',(1.,0.,0.));
#2723=DIRECTION('',(0.,0.,-1.));
#2724=DIRECTION('',(-1.,0.,0.));
#2725=DIRECTION('',(0.,0.,1.));
#2726=DIRECTION('',(1.,0.,0.));
#2727=DIRECTION('',(0.,0.,1.));
#2728=DIRECTION('',(1.,0.,0.));
#2729=DIRECTION('',(0.,0.,-1.));
#2730=DIRECTION('',(-1.,0.,0.));
#2731=DIRECTION('',(0.,0.,1.));
#2732=DIRECTION('',(1.,0.,0.));
#2733=DIRECTION('',(0.,0.,1.));
#2734=DIRECTION('',(1.,0.,0.));
#2735=DIRECTION('',(0.,0.,-1.));
#2736=DIRECTION('',(-1.,0.,0.));
#2737=DIRECTION('',(0.,0.,1.));
#2738=DIRECTION('',(1.,0.,0.));
#2739=DIRECTION('',(0.,0.,1.));
#2740=DIRECTION('',(1.,0.,0.));
#2741=DIRECTION('',(0.,0.,-1.));
#2742=DIRECTION('',(-1.,0.,0.));
#2743=DIRECTION('',(0.,0.,1.));
#2744=DIRECTION('',(1.,0.,0.));
#2745=DIRECTION('',(0.,0.,1.));
#2746=DIRECTION('',(1.,0.,0.));
#2747=DIRECTION('',(0.,0.,-1.));
#2748=DIRECTION('',(-1.,0.,0.));
#2749=DIRECTION('',(0.,0.,1.));
#2750=DIRECTION('',(1.,0.,0.));
#2751=DIRECTION('',(0.,0.,1.));
#2752=DIRECTION('',(1.,0.,0.));
#2753=DIRECTION('',(0.,0.,-1.));
#2754=DIRECTION('',(-1.,0.,0.));
#2755=DIRECTION('',(0.,0.,1.));
#2756=DIRECTION('',(1.,0.,0.));
#2757=DIRECTION('',(0.,0.,1.));
#2758=DIRECTION('',(1.,0.,0.));
#2759=DIRECTION('',(0.,0.,-1.));
#2760=DIRECTION('',(-1.,0.,0.));
#2761=DIRECTION('',(0.,0.,1.));
#2762=DIRECTION('',(1.,0.,0.));
#2763=DIRECTION('',(0.,0.,1.));
#2764=DIRECTION('',(1.,0.,0.));
#2765=DIRECTION('',(0.,0.,-1.));
#2766=DIRECTION('',(-1.,0.,0.));
#2767=DIRECTION('',(0.,0.,1.));
#2768=DIRECTION('',(1.,0.,0.));
#2769=DIRECTION('',(0.,0.,1.));
#2770=DIRECTION('',(1.,0.,0.));
#2771=DIRECTION('',(0.,0.,-1.));
#2772=DIRECTION('',(-1.,0.,0.));
#2773=DIRECTION('',(0.,0.,1.));
#2774=DIRECTION('',(1.,0.,0.));
#2775=DIRECTION('',(0.,0.,1.));
#2776=DIRECTION('',(1.,0.,0.));
#2777=DIRECTION('',(0.,0.,-1.));
#2778=DIRECTION('',(-1.,0.,0.));
#2779=DIRECTION('',(0.,0.,1.));
#2780=DIRECTION('',(1.,0.,0.));
#2781=DIRECTION('',(0.,0.,1.));
#2782=DIRECTION('',(1.,0.,0.));
#2783=DIRECTION('',(0.,0.,-1.));
#2784=DIRECTION('',(-1.,0.,0.));
#2785=DIRECTION('',(0.,0.,1.));
#2786=DIRECTION('',(1.,0.,0.));
#2787=DIRECTION('',(0.,0.,1.));
#2788=DIRECTION('',(1.,0.,0.));
#2789=DIRECTION('',(0.,0.,-1.));
#2790=DIRECTION('',(-1.,0.,0.));
#2791=DIRECTION('',(0.,0.,1.));
#2792=DIRECTION('',(1.,0.,0.));
#2793=DIRECTION('',(0.,0.,1.));
#2794=DIRECTION('',(1.,0.,0.));
#2795=DIRECTION('',(1.,7.04075176989246E-17,0.));
#2796=DIRECTION('',(-7.04075176989246E-17,1.,0.));
#2797=DIRECTION('',(7.04075176989246E-17,-1.,0.));
#2798=DIRECTION('',(0.,0.,-1.));
#2799=DIRECTION('',(7.04075176989246E-17,-1.,0.));
#2800=DIRECTION('',(0.,0.,-1.));
#2801=DIRECTION('',(0.,0.,1.));
#2802=DIRECTION('',(1.,0.,0.));
#2803=DIRECTION('',(0.,0.,1.));
#2804=DIRECTION('',(1.,0.,0.));
#2805=DIRECTION('',(0.,0.,1.));
#2806=DIRECTION('',(1.,0.,0.));
#2807=DIRECTION('',(0.,0.,1.));
#2808=DIRECTION('',(1.,0.,0.));
#2809=DIRECTION('',(0.619750194323739,-0.784799144135421,0.));
#2810=DIRECTION('',(0.,0.,-1.));
#2811=DIRECTION('',(0.569814550581553,0.821773312991815,0.));
#2812=DIRECTION('',(-1.,0.,0.));
#2813=DIRECTION('',(0.,0.,1.));
#2814=DIRECTION('',(-0.569814537511158,0.821773322054778,0.));
#2815=DIRECTION('',(-0.619750191003808,-0.784799146757146,0.));
#2816=DIRECTION('',(0.,0.,1.));
#2817=DIRECTION('',(1.,0.,0.));
#2818=DIRECTION('',(0.,0.,-1.));
#2819=DIRECTION('',(0.622499778475152,0.782619975338214,0.));
#2820=DIRECTION('',(0.,0.,1.));
#2821=DIRECTION('',(-0.622499765240031,0.782619985865494,0.));
#2822=DIRECTION('',(-1.,0.,0.));
#2823=DIRECTION('',(0.,0.,1.));
#2824=DIRECTION('',(1.,0.,0.));
#2825=DIRECTION('',(0.,0.,1.));
#2826=DIRECTION('',(-0.622499765240031,0.782619985865494,0.));
#2827=DIRECTION('',(0.,-1.,0.));
#2828=DIRECTION('',(0.,0.,1.));
#2829=DIRECTION('',(1.,0.,0.));
#2830=DIRECTION('',(1.,0.,0.));
#2831=DIRECTION('',(0.,0.,1.));
#2832=DIRECTION('',(1.,0.,0.));
#2833=DIRECTION('',(0.,1.,0.));
#2834=DIRECTION('',(0.,0.,-1.));
#2835=DIRECTION('',(0.622499778475152,0.782619975338214,0.));
#2836=DIRECTION('',(-1.,0.,0.));
#2837=DIRECTION('',(0.,0.,1.));
#2838=DIRECTION('',(1.,0.,0.));
#2839=DIRECTION('',(0.,0.,1.));
#2840=DIRECTION('',(1.,0.,0.));
#2841=DIRECTION('',(-0.619750191003808,-0.784799146757146,0.));
#2842=DIRECTION('',(0.,0.,1.));
#2843=DIRECTION('',(-0.569814537511158,0.821773322054778,0.));
#2844=DIRECTION('',(-1.,0.,0.));
#2845=DIRECTION('',(0.,0.,-1.));
#2846=DIRECTION('',(0.569814550581553,0.821773312991815,0.));
#2847=DIRECTION('',(0.619750194323739,-0.784799144135421,0.));
#2848=DIRECTION('',(0.,0.,1.));
#2849=DIRECTION('',(1.,0.,0.));
#2850=DIRECTION('',(0.,0.,1.));
#2851=DIRECTION('',(1.,0.,0.));
#2852=DIRECTION('',(0.,0.,1.));
#2853=DIRECTION('',(1.,0.,0.));
#2854=DIRECTION('',(0.,0.,1.));
#2855=DIRECTION('',(0.,1.,0.));
#2856=DIRECTION('',(0.,0.,1.));
#2857=DIRECTION('',(0.,0.,1.));
#2858=DIRECTION('',(0.,0.,1.));
#2859=DIRECTION('',(1.,0.,0.));
#2860=DIRECTION('',(-0.784799144135421,-0.619750194323739,0.));
#2861=DIRECTION('',(0.619750194323739,-0.784799144135421,0.));
#2862=DIRECTION('',(0.,0.,1.));
#2863=DIRECTION('',(0.,0.,1.));
#2864=DIRECTION('',(1.,0.,0.));
#2865=DIRECTION('',(0.,0.,1.));
#2866=DIRECTION('',(0.,1.,0.));
#2867=DIRECTION('',(0.,0.,1.));
#2868=DIRECTION('',(0.,0.,1.));
#2869=DIRECTION('',(0.,0.,1.));
#2870=DIRECTION('',(1.,0.,0.));
#2871=DIRECTION('',(0.,0.,1.));
#2872=DIRECTION('',(-0.784799146757146,0.619750191003808,0.));
#2873=DIRECTION('',(-0.619750191003808,-0.784799146757146,0.));
#2874=DIRECTION('',(0.,0.,-1.));
#2875=DIRECTION('',(-1.,0.,0.));
#2876=DIRECTION('',(0.,0.,1.));
#2877=DIRECTION('',(1.,0.,0.));
#2878=DIRECTION('',(0.,0.,-1.));
#2879=DIRECTION('',(-1.,0.,0.));
#2880=DIRECTION('',(0.,0.,1.));
#2881=DIRECTION('',(1.,0.,0.));
#2882=DIRECTION('',(-1.,0.,0.));
#2883=DIRECTION('',(0.,0.,1.));
#2884=DIRECTION('',(0.,1.,0.));
#2885=DIRECTION('',(0.,0.,1.));
#2886=DIRECTION('',(0.,1.,0.));
#2887=DIRECTION('',(0.,0.,1.));
#2888=DIRECTION('',(1.,0.,0.));
#2889=DIRECTION('',(0.,0.,-1.));
#2890=DIRECTION('',(0.,0.,1.));
#2891=DIRECTION('',(0.,-1.,0.));
#2892=DIRECTION('',(0.,0.,1.));
#2893=DIRECTION('',(0.,-1.,0.));
#2894=DIRECTION('',(0.,-1.,0.));
#2895=DIRECTION('',(0.,0.,-1.));
#2896=DIRECTION('',(0.,0.,1.));
#2897=DIRECTION('',(1.,0.,0.));
#2898=DIRECTION('',(0.,0.,1.));
#2899=DIRECTION('',(0.,0.,-1.));
#2900=DIRECTION('',(1.,0.,0.));
#2901=DIRECTION('',(1.,0.,0.));
#2902=DIRECTION('',(0.,-1.,0.));
#2903=DIRECTION('',(0.,0.,-1.));
#2904=DIRECTION('',(1.,0.,0.));
#2905=DIRECTION('',(0.,-1.,0.));
#2906=DIRECTION('',(0.,0.,-1.));
#2907=DIRECTION('',(0.,-1.,0.));
#2908=DIRECTION('',(0.,0.,-1.));
#2909=DIRECTION('',(0.,0.,-1.));
#2910=DIRECTION('',(1.,0.,0.));
#2911=DIRECTION('',(1.,0.,0.));
#2912=DIRECTION('',(0.,1.,0.));
#2913=DIRECTION('',(0.,-1.,0.));
#2914=DIRECTION('',(0.,0.,1.));
#2915=DIRECTION('',(1.,0.,0.));
#2916=DIRECTION('',(0.,0.,-1.));
#2917=DIRECTION('',(-1.,0.,0.));
#2918=DIRECTION('',(0.,-1.,0.));
#2919=DIRECTION('',(0.,0.,-1.));
#2920=DIRECTION('',(0.,-1.,0.));
#2921=DIRECTION('',(0.,0.,-1.));
#2922=DIRECTION('',(1.,0.,0.));
#2923=DIRECTION('',(0.,0.,-1.));
#2924=DIRECTION('',(1.,0.,0.));
#2925=DIRECTION('',(0.,0.,-1.));
#2926=DIRECTION('',(1.,0.,0.));
#2927=DIRECTION('',(0.,0.,-1.));
#2928=DIRECTION('',(-1.,0.,0.));
#2929=DIRECTION('',(0.,0.,1.));
#2930=DIRECTION('',(0.,1.,0.));
#2931=DIRECTION('',(0.,0.,1.));
#2932=DIRECTION('',(0.,-1.,0.));
#2933=DIRECTION('',(0.,0.,-1.));
#2934=DIRECTION('',(0.,0.,-1.));
#2935=DIRECTION('',(-1.,0.,0.));
#2936=DIRECTION('',(0.,0.,-1.));
#2937=DIRECTION('',(-1.,0.,0.));
#2938=DIRECTION('',(0.,0.,1.));
#2939=DIRECTION('',(1.,0.,0.));
#2940=CARTESIAN_POINT('',(0.,0.,0.));
#2941=CARTESIAN_POINT('',(-0.04145318120718,0.165796003848314,0.002));
#2942=CARTESIAN_POINT('',(-0.04145318120718,0.165796003848314,0.002));
#2943=CARTESIAN_POINT('',(-0.0225431520471509,0.165796003848314,0.002));
#2944=CARTESIAN_POINT('',(-0.0176958218942994,0.165796003848314,0.002));
#2945=CARTESIAN_POINT('',(-0.0176958218942994,0.165796003848314,0.002));
#2946=CARTESIAN_POINT('',(-0.0176958218942994,0.165796003848314,0.));
#2947=CARTESIAN_POINT('',(-0.04145318120718,0.165796003848314,0.));
#2948=CARTESIAN_POINT('',(-0.022543152047151,0.165796003848314,0.));
#2949=CARTESIAN_POINT('',(-0.022543152047151,0.165796003848314,0.));
#2950=CARTESIAN_POINT('',(-0.04145318120718,0.165796003848314,0.002));
#2951=CARTESIAN_POINT('',(-0.0336538513030562,0.165796003848314,0.));
#2952=CARTESIAN_POINT('',(-0.0336538513030562,0.165796003848314,0.));
#2953=CARTESIAN_POINT('',(-0.0336538513030562,0.165796003848314,0.002));
#2954=CARTESIAN_POINT('',(-0.0336538513030562,0.165796003848314,-0.0105));
#2955=CARTESIAN_POINT('',(-0.0336538513030562,0.165796003848314,-0.0105));
#2956=CARTESIAN_POINT('',(-0.04145318120718,0.165796003848314,-0.0105));
#2957=CARTESIAN_POINT('',(-0.0492525285469616,0.165796003848314,-0.0105));
#2958=CARTESIAN_POINT('',(-0.0492525285469616,0.165796003848314,-0.0105));
#2959=CARTESIAN_POINT('',(-0.0492525285469616,0.165796003848314,0.));
#2960=CARTESIAN_POINT('',(-0.0492525285469616,0.165796003848314,0.));
#2961=CARTESIAN_POINT('',(-0.0492525285469616,0.165796003848314,0.002));
#2962=CARTESIAN_POINT('',(-0.04145318120718,0.165796003848314,0.002));
#2963=CARTESIAN_POINT('',(-0.04145318120718,0.165796003848314,0.002));
#2964=CARTESIAN_POINT('',(-0.04145318120718,0.165796003848314,0.));
#2965=CARTESIAN_POINT('',(-0.0652105405200607,0.165796003848314,0.));
#2966=CARTESIAN_POINT('',(-0.0603632278292306,0.165796003848314,0.));
#2967=CARTESIAN_POINT('',(-0.0652105405200607,0.165796003848314,0.002));
#2968=CARTESIAN_POINT('',(-0.0652105405200607,0.165796003848314,0.002));
#2969=CARTESIAN_POINT('',(-0.04145318120718,0.165796003848314,0.002));
#2970=CARTESIAN_POINT('',(-0.0603632278292306,0.165796003848314,0.002));
#2971=CARTESIAN_POINT('',(-0.0603632278292306,0.165796003848314,0.));
#2972=CARTESIAN_POINT('',(-0.07245318120718,0.104200185224414,0.002));
#2973=CARTESIAN_POINT('',(-0.07245318120718,0.104200185224414,0.));
#2974=CARTESIAN_POINT('',(-0.07245318120718,0.158553363161195,0.));
#2975=CARTESIAN_POINT('',(-0.07245318120718,0.0498470072876328,0.));
#2976=CARTESIAN_POINT('',(-0.07245318120718,0.0498470072876328,0.002));
#2977=CARTESIAN_POINT('',(-0.07245318120718,0.0498470072876328,0.002));
#2978=CARTESIAN_POINT('',(-0.07245318120718,0.104200185224414,0.002));
#2979=CARTESIAN_POINT('',(-0.07245318120718,0.158553363161195,0.002));
#2980=CARTESIAN_POINT('',(-0.07245318120718,0.158553363161195,0.));
#2981=CARTESIAN_POINT('',(-0.04145318120718,0.0426043666005135,0.002));
#2982=CARTESIAN_POINT('',(-0.04145318120718,0.0426043666005135,0.002));
#2983=CARTESIAN_POINT('',(-0.0652105405200607,0.0426043666005135,0.002));
#2984=CARTESIAN_POINT('',(-0.0176958218942994,0.0426043666005135,0.002));
#2985=CARTESIAN_POINT('',(-0.0652105405200607,0.0426043666005135,0.002));
#2986=CARTESIAN_POINT('',(-0.0652105405200607,0.0426043666005135,0.));
#2987=CARTESIAN_POINT('',(-0.04145318120718,0.0426043666005135,0.));
#2988=CARTESIAN_POINT('',(-0.0176958218942994,0.0426043666005135,0.));
#2989=CARTESIAN_POINT('',(-0.0176958218942994,0.0426043666005135,0.002));
#2990=CARTESIAN_POINT('',(-0.06645318120718,0.0497960038483143,0.002));
#2991=CARTESIAN_POINT('',(-0.06645318120718,0.0497960038483143,0.002));
#2992=CARTESIAN_POINT('',(-0.06385318120718,0.0497960038483143,0.002));
#2993=CARTESIAN_POINT('',(-0.06645318120718,0.0497960038483143,0.));
#2994=CARTESIAN_POINT('',(-0.06385318120718,0.0497960038483143,0.));
#2995=CARTESIAN_POINT('',(-0.06645318120718,0.0597960038483143,0.002));
#2996=CARTESIAN_POINT('',(-0.06645318120718,0.0597960038483143,0.002));
#2997=CARTESIAN_POINT('',(-0.06385318120718,0.0597960038483143,0.002));
#2998=CARTESIAN_POINT('',(-0.06645318120718,0.0597960038483143,0.));
#2999=CARTESIAN_POINT('',(-0.06385318120718,0.0597960038483143,0.));
#3000=CARTESIAN_POINT('',(-0.06645318120718,0.0697960038483143,0.002));
#3001=CARTESIAN_POINT('',(-0.06645318120718,0.0697960038483143,0.002));
#3002=CARTESIAN_POINT('',(-0.06385318120718,0.0697960038483143,0.002));
#3003=CARTESIAN_POINT('',(-0.06645318120718,0.0697960038483143,0.));
#3004=CARTESIAN_POINT('',(-0.06385318120718,0.0697960038483143,0.));
#3005=CARTESIAN_POINT('',(-0.06645318120718,0.0797960038483143,0.002));
#3006=CARTESIAN_POINT('',(-0.06645318120718,0.0797960038483143,0.002));
#3007=CARTESIAN_POINT('',(-0.06385318120718,0.0797960038483143,0.002));
#3008=CARTESIAN_POINT('',(-0.06645318120718,0.0797960038483143,0.));
#3009=CARTESIAN_POINT('',(-0.06385318120718,0.0797960038483143,0.));
#3010=CARTESIAN_POINT('',(-0.06645318120718,0.0897960038483143,0.002));
#3011=CARTESIAN_POINT('',(-0.06645318120718,0.0897960038483143,0.002));
#3012=CARTESIAN_POINT('',(-0.06385318120718,0.0897960038483143,0.002));
#3013=CARTESIAN_POINT('',(-0.06645318120718,0.0897960038483143,0.));
#3014=CARTESIAN_POINT('',(-0.06385318120718,0.0897960038483143,0.));
#3015=CARTESIAN_POINT('',(-0.06645318120718,0.0997960038483143,0.002));
#3016=CARTESIAN_POINT('',(-0.06645318120718,0.0997960038483143,0.002));
#3017=CARTESIAN_POINT('',(-0.06385318120718,0.0997960038483143,0.002));
#3018=CARTESIAN_POINT('',(-0.06645318120718,0.0997960038483143,0.));
#3019=CARTESIAN_POINT('',(-0.06385318120718,0.0997960038483143,0.));
#3020=CARTESIAN_POINT('',(-0.05645318120718,0.0497960038483143,0.002));
#3021=CARTESIAN_POINT('',(-0.05645318120718,0.0497960038483143,0.002));
#3022=CARTESIAN_POINT('',(-0.05385318120718,0.0497960038483143,0.002));
#3023=CARTESIAN_POINT('',(-0.05645318120718,0.0497960038483143,0.));
#3024=CARTESIAN_POINT('',(-0.05385318120718,0.0497960038483143,0.));
#3025=CARTESIAN_POINT('',(-0.05645318120718,0.0597960038483143,0.002));
#3026=CARTESIAN_POINT('',(-0.05645318120718,0.0597960038483143,0.002));
#3027=CARTESIAN_POINT('',(-0.05385318120718,0.0597960038483143,0.002));
#3028=CARTESIAN_POINT('',(-0.05645318120718,0.0597960038483143,0.));
#3029=CARTESIAN_POINT('',(-0.05385318120718,0.0597960038483143,0.));
#3030=CARTESIAN_POINT('',(-0.05645318120718,0.0697960038483143,0.002));
#3031=CARTESIAN_POINT('',(-0.05645318120718,0.0697960038483143,0.002));
#3032=CARTESIAN_POINT('',(-0.05385318120718,0.0697960038483143,0.002));
#3033=CARTESIAN_POINT('',(-0.05645318120718,0.0697960038483143,0.));
#3034=CARTESIAN_POINT('',(-0.05385318120718,0.0697960038483143,0.));
#3035=CARTESIAN_POINT('',(-0.05645318120718,0.0797960038483143,0.002));
#3036=CARTESIAN_POINT('',(-0.05645318120718,0.0797960038483143,0.002));
#3037=CARTESIAN_POINT('',(-0.05385318120718,0.0797960038483143,0.002));
#3038=CARTESIAN_POINT('',(-0.05645318120718,0.0797960038483143,0.));
#3039=CARTESIAN_POINT('',(-0.05385318120718,0.0797960038483143,0.));
#3040=CARTESIAN_POINT('',(-0.05645318120718,0.0897960038483143,0.002));
#3041=CARTESIAN_POINT('',(-0.05645318120718,0.0897960038483143,0.002));
#3042=CARTESIAN_POINT('',(-0.05385318120718,0.0897960038483143,0.002));
#3043=CARTESIAN_POINT('',(-0.05645318120718,0.0897960038483143,0.));
#3044=CARTESIAN_POINT('',(-0.05385318120718,0.0897960038483143,0.));
#3045=CARTESIAN_POINT('',(-0.05645318120718,0.0997960038483143,0.002));
#3046=CARTESIAN_POINT('',(-0.05645318120718,0.0997960038483143,0.002));
#3047=CARTESIAN_POINT('',(-0.05385318120718,0.0997960038483143,0.002));
#3048=CARTESIAN_POINT('',(-0.05645318120718,0.0997960038483143,0.));
#3049=CARTESIAN_POINT('',(-0.05385318120718,0.0997960038483143,0.));
#3050=CARTESIAN_POINT('',(-0.04645318120718,0.0497960038483143,0.002));
#3051=CARTESIAN_POINT('',(-0.04645318120718,0.0497960038483143,0.002));
#3052=CARTESIAN_POINT('',(-0.04385318120718,0.0497960038483143,0.002));
#3053=CARTESIAN_POINT('',(-0.04645318120718,0.0497960038483143,0.));
#3054=CARTESIAN_POINT('',(-0.04385318120718,0.0497960038483143,0.));
#3055=CARTESIAN_POINT('',(-0.04645318120718,0.0597960038483143,0.002));
#3056=CARTESIAN_POINT('',(-0.04645318120718,0.0597960038483143,0.002));
#3057=CARTESIAN_POINT('',(-0.04385318120718,0.0597960038483143,0.002));
#3058=CARTESIAN_POINT('',(-0.04645318120718,0.0597960038483143,0.));
#3059=CARTESIAN_POINT('',(-0.04385318120718,0.0597960038483143,0.));
#3060=CARTESIAN_POINT('',(-0.04645318120718,0.0697960038483143,0.002));
#3061=CARTESIAN_POINT('',(-0.04645318120718,0.0697960038483143,0.002));
#3062=CARTESIAN_POINT('',(-0.04385318120718,0.0697960038483143,0.002));
#3063=CARTESIAN_POINT('',(-0.04645318120718,0.0697960038483143,0.));
#3064=CARTESIAN_POINT('',(-0.04385318120718,0.0697960038483143,0.));
#3065=CARTESIAN_POINT('',(-0.04645318120718,0.0797960038483143,0.002));
#3066=CARTESIAN_POINT('',(-0.04645318120718,0.0797960038483143,0.002));
#3067=CARTESIAN_POINT('',(-0.04385318120718,0.0797960038483143,0.002));
#3068=CARTESIAN_POINT('',(-0.04645318120718,0.0797960038483143,0.));
#3069=CARTESIAN_POINT('',(-0.04385318120718,0.0797960038483143,0.));
#3070=CARTESIAN_POINT('',(-0.04645318120718,0.0897960038483143,0.002));
#3071=CARTESIAN_POINT('',(-0.04645318120718,0.0897960038483143,0.002));
#3072=CARTESIAN_POINT('',(-0.04385318120718,0.0897960038483143,0.002));
#3073=CARTESIAN_POINT('',(-0.04645318120718,0.0897960038483143,0.));
#3074=CARTESIAN_POINT('',(-0.04385318120718,0.0897960038483143,0.));
#3075=CARTESIAN_POINT('',(-0.04645318120718,0.0997960038483143,0.002));
#3076=CARTESIAN_POINT('',(-0.04645318120718,0.0997960038483143,0.002));
#3077=CARTESIAN_POINT('',(-0.04385318120718,0.0997960038483143,0.002));
#3078=CARTESIAN_POINT('',(-0.04645318120718,0.0997960038483143,0.));
#3079=CARTESIAN_POINT('',(-0.04385318120718,0.0997960038483143,0.));
#3080=CARTESIAN_POINT('',(-0.03645318120718,0.0497960038483143,0.002));
#3081=CARTESIAN_POINT('',(-0.03645318120718,0.0497960038483143,0.002));
#3082=CARTESIAN_POINT('',(-0.03385318120718,0.0497960038483143,0.002));
#3083=CARTESIAN_POINT('',(-0.03645318120718,0.0497960038483143,0.));
#3084=CARTESIAN_POINT('',(-0.03385318120718,0.0497960038483143,0.));
#3085=CARTESIAN_POINT('',(-0.03645318120718,0.0597960038483143,0.002));
#3086=CARTESIAN_POINT('',(-0.03645318120718,0.0597960038483143,0.002));
#3087=CARTESIAN_POINT('',(-0.03385318120718,0.0597960038483143,0.002));
#3088=CARTESIAN_POINT('',(-0.03645318120718,0.0597960038483143,0.));
#3089=CARTESIAN_POINT('',(-0.03385318120718,0.0597960038483143,0.));
#3090=CARTESIAN_POINT('',(-0.03645318120718,0.0697960038483143,0.002));
#3091=CARTESIAN_POINT('',(-0.03645318120718,0.0697960038483143,0.002));
#3092=CARTESIAN_POINT('',(-0.03385318120718,0.0697960038483143,0.002));
#3093=CARTESIAN_POINT('',(-0.03645318120718,0.0697960038483143,0.));
#3094=CARTESIAN_POINT('',(-0.03385318120718,0.0697960038483143,0.));
#3095=CARTESIAN_POINT('',(-0.03645318120718,0.0797960038483143,0.002));
#3096=CARTESIAN_POINT('',(-0.03645318120718,0.0797960038483143,0.002));
#3097=CARTESIAN_POINT('',(-0.03385318120718,0.0797960038483143,0.002));
#3098=CARTESIAN_POINT('',(-0.03645318120718,0.0797960038483143,0.));
#3099=CARTESIAN_POINT('',(-0.03385318120718,0.0797960038483143,0.));
#3100=CARTESIAN_POINT('',(-0.03645318120718,0.0897960038483143,0.002));
#3101=CARTESIAN_POINT('',(-0.03645318120718,0.0897960038483143,0.002));
#3102=CARTESIAN_POINT('',(-0.03385318120718,0.0897960038483143,0.002));
#3103=CARTESIAN_POINT('',(-0.03645318120718,0.0897960038483143,0.));
#3104=CARTESIAN_POINT('',(-0.03385318120718,0.0897960038483143,0.));
#3105=CARTESIAN_POINT('',(-0.03645318120718,0.0997960038483143,0.002));
#3106=CARTESIAN_POINT('',(-0.03645318120718,0.0997960038483143,0.002));
#3107=CARTESIAN_POINT('',(-0.03385318120718,0.0997960038483143,0.002));
#3108=CARTESIAN_POINT('',(-0.03645318120718,0.0997960038483143,0.));
#3109=CARTESIAN_POINT('',(-0.03385318120718,0.0997960038483143,0.));
#3110=CARTESIAN_POINT('',(-0.0264531812071801,0.0497960038483143,0.002));
#3111=CARTESIAN_POINT('',(-0.0264531812071801,0.0497960038483143,0.002));
#3112=CARTESIAN_POINT('',(-0.0238531812071801,0.0497960038483143,0.002));
#3113=CARTESIAN_POINT('',(-0.0264531812071801,0.0497960038483143,0.));
#3114=CARTESIAN_POINT('',(-0.0238531812071801,0.0497960038483143,0.));
#3115=CARTESIAN_POINT('',(-0.0264531812071801,0.0597960038483143,0.002));
#3116=CARTESIAN_POINT('',(-0.0264531812071801,0.0597960038483143,0.002));
#3117=CARTESIAN_POINT('',(-0.0238531812071801,0.0597960038483143,0.002));
#3118=CARTESIAN_POINT('',(-0.0264531812071801,0.0597960038483143,0.));
#3119=CARTESIAN_POINT('',(-0.0238531812071801,0.0597960038483143,0.));
#3120=CARTESIAN_POINT('',(-0.0264531812071801,0.0697960038483143,0.002));
#3121=CARTESIAN_POINT('',(-0.0264531812071801,0.0697960038483143,0.002));
#3122=CARTESIAN_POINT('',(-0.0238531812071801,0.0697960038483143,0.002));
#3123=CARTESIAN_POINT('',(-0.0264531812071801,0.0697960038483143,0.));
#3124=CARTESIAN_POINT('',(-0.0238531812071801,0.0697960038483143,0.));
#3125=CARTESIAN_POINT('',(-0.0264531812071801,0.0797960038483143,0.002));
#3126=CARTESIAN_POINT('',(-0.0264531812071801,0.0797960038483143,0.002));
#3127=CARTESIAN_POINT('',(-0.0238531812071801,0.0797960038483143,0.002));
#3128=CARTESIAN_POINT('',(-0.0264531812071801,0.0797960038483143,0.));
#3129=CARTESIAN_POINT('',(-0.0238531812071801,0.0797960038483143,0.));
#3130=CARTESIAN_POINT('',(-0.0264531812071801,0.0897960038483143,0.002));
#3131=CARTESIAN_POINT('',(-0.0264531812071801,0.0897960038483143,0.002));
#3132=CARTESIAN_POINT('',(-0.0238531812071801,0.0897960038483143,0.002));
#3133=CARTESIAN_POINT('',(-0.0264531812071801,0.0897960038483143,0.));
#3134=CARTESIAN_POINT('',(-0.0238531812071801,0.0897960038483143,0.));
#3135=CARTESIAN_POINT('',(-0.0264531812071801,0.0997960038483143,0.002));
#3136=CARTESIAN_POINT('',(-0.0264531812071801,0.0997960038483143,0.002));
#3137=CARTESIAN_POINT('',(-0.0238531812071801,0.0997960038483143,0.002));
#3138=CARTESIAN_POINT('',(-0.0264531812071801,0.0997960038483143,0.));
#3139=CARTESIAN_POINT('',(-0.0238531812071801,0.0997960038483143,0.));
#3140=CARTESIAN_POINT('',(-0.0164531812071801,0.0497960038483143,0.002));
#3141=CARTESIAN_POINT('',(-0.0164531812071801,0.0497960038483143,0.002));
#3142=CARTESIAN_POINT('',(-0.0138531812071801,0.0497960038483143,0.002));
#3143=CARTESIAN_POINT('',(-0.0164531812071801,0.0497960038483143,0.));
#3144=CARTESIAN_POINT('',(-0.0138531812071801,0.0497960038483143,0.));
#3145=CARTESIAN_POINT('',(-0.0164531812071801,0.0597960038483143,0.002));
#3146=CARTESIAN_POINT('',(-0.0164531812071801,0.0597960038483143,0.002));
#3147=CARTESIAN_POINT('',(-0.0138531812071801,0.0597960038483143,0.002));
#3148=CARTESIAN_POINT('',(-0.0164531812071801,0.0597960038483143,0.));
#3149=CARTESIAN_POINT('',(-0.0138531812071801,0.0597960038483143,0.));
#3150=CARTESIAN_POINT('',(-0.0164531812071801,0.0697960038483143,0.002));
#3151=CARTESIAN_POINT('',(-0.0164531812071801,0.0697960038483143,0.002));
#3152=CARTESIAN_POINT('',(-0.0138531812071801,0.0697960038483143,0.002));
#3153=CARTESIAN_POINT('',(-0.0164531812071801,0.0697960038483143,0.));
#3154=CARTESIAN_POINT('',(-0.0138531812071801,0.0697960038483143,0.));
#3155=CARTESIAN_POINT('',(-0.0164531812071801,0.0797960038483143,0.002));
#3156=CARTESIAN_POINT('',(-0.0164531812071801,0.0797960038483143,0.002));
#3157=CARTESIAN_POINT('',(-0.0138531812071801,0.0797960038483143,0.002));
#3158=CARTESIAN_POINT('',(-0.0164531812071801,0.0797960038483143,0.));
#3159=CARTESIAN_POINT('',(-0.0138531812071801,0.0797960038483143,0.));
#3160=CARTESIAN_POINT('',(-0.0164531812071801,0.0897960038483143,0.002));
#3161=CARTESIAN_POINT('',(-0.0164531812071801,0.0897960038483143,0.002));
#3162=CARTESIAN_POINT('',(-0.0138531812071801,0.0897960038483143,0.002));
#3163=CARTESIAN_POINT('',(-0.0164531812071801,0.0897960038483143,0.));
#3164=CARTESIAN_POINT('',(-0.0138531812071801,0.0897960038483143,0.));
#3165=CARTESIAN_POINT('',(-0.0164531812071801,0.0997960038483143,0.002));
#3166=CARTESIAN_POINT('',(-0.0164531812071801,0.0997960038483143,0.002));
#3167=CARTESIAN_POINT('',(-0.0138531812071801,0.0997960038483143,0.002));
#3168=CARTESIAN_POINT('',(-0.0164531812071801,0.0997960038483143,0.));
#3169=CARTESIAN_POINT('',(-0.0138531812071801,0.0997960038483143,0.));
#3170=CARTESIAN_POINT('',(-0.06645318120718,0.109796003848314,0.002));
#3171=CARTESIAN_POINT('',(-0.06645318120718,0.109796003848314,0.002));
#3172=CARTESIAN_POINT('',(-0.06385318120718,0.109796003848314,0.002));
#3173=CARTESIAN_POINT('',(-0.06645318120718,0.109796003848314,0.));
#3174=CARTESIAN_POINT('',(-0.06385318120718,0.109796003848314,0.));
#3175=CARTESIAN_POINT('',(-0.06645318120718,0.119796003848314,0.002));
#3176=CARTESIAN_POINT('',(-0.06645318120718,0.119796003848314,0.002));
#3177=CARTESIAN_POINT('',(-0.06385318120718,0.119796003848314,0.002));
#3178=CARTESIAN_POINT('',(-0.06645318120718,0.119796003848314,0.));
#3179=CARTESIAN_POINT('',(-0.06385318120718,0.119796003848314,0.));
#3180=CARTESIAN_POINT('',(-0.06645318120718,0.129796003848314,0.002));
#3181=CARTESIAN_POINT('',(-0.06645318120718,0.129796003848314,0.002));
#3182=CARTESIAN_POINT('',(-0.06385318120718,0.129796003848314,0.002));
#3183=CARTESIAN_POINT('',(-0.06645318120718,0.129796003848314,0.));
#3184=CARTESIAN_POINT('',(-0.06385318120718,0.129796003848314,0.));
#3185=CARTESIAN_POINT('',(-0.06645318120718,0.139796003848314,0.002));
#3186=CARTESIAN_POINT('',(-0.06645318120718,0.139796003848314,0.002));
#3187=CARTESIAN_POINT('',(-0.06385318120718,0.139796003848314,0.002));
#3188=CARTESIAN_POINT('',(-0.06645318120718,0.139796003848314,0.));
#3189=CARTESIAN_POINT('',(-0.06385318120718,0.139796003848314,0.));
#3190=CARTESIAN_POINT('',(-0.06645318120718,0.149796003848314,0.002));
#3191=CARTESIAN_POINT('',(-0.06645318120718,0.149796003848314,0.002));
#3192=CARTESIAN_POINT('',(-0.06385318120718,0.149796003848314,0.002));
#3193=CARTESIAN_POINT('',(-0.06645318120718,0.149796003848314,0.));
#3194=CARTESIAN_POINT('',(-0.06385318120718,0.149796003848314,0.));
#3195=CARTESIAN_POINT('',(-0.06645318120718,0.159796003848314,0.002));
#3196=CARTESIAN_POINT('',(-0.06645318120718,0.159796003848314,0.002));
#3197=CARTESIAN_POINT('',(-0.06385318120718,0.159796003848314,0.002));
#3198=CARTESIAN_POINT('',(-0.06645318120718,0.159796003848314,0.));
#3199=CARTESIAN_POINT('',(-0.06385318120718,0.159796003848314,0.));
#3200=CARTESIAN_POINT('',(-0.05645318120718,0.109796003848314,0.002));
#3201=CARTESIAN_POINT('',(-0.05645318120718,0.109796003848314,0.002));
#3202=CARTESIAN_POINT('',(-0.05385318120718,0.109796003848314,0.002));
#3203=CARTESIAN_POINT('',(-0.05645318120718,0.109796003848314,0.));
#3204=CARTESIAN_POINT('',(-0.05385318120718,0.109796003848314,0.));
#3205=CARTESIAN_POINT('',(-0.05645318120718,0.119796003848314,0.002));
#3206=CARTESIAN_POINT('',(-0.05645318120718,0.119796003848314,0.002));
#3207=CARTESIAN_POINT('',(-0.05385318120718,0.119796003848314,0.002));
#3208=CARTESIAN_POINT('',(-0.05645318120718,0.119796003848314,0.));
#3209=CARTESIAN_POINT('',(-0.05385318120718,0.119796003848314,0.));
#3210=CARTESIAN_POINT('',(-0.05645318120718,0.129796003848314,0.002));
#3211=CARTESIAN_POINT('',(-0.05645318120718,0.129796003848314,0.002));
#3212=CARTESIAN_POINT('',(-0.05385318120718,0.129796003848314,0.002));
#3213=CARTESIAN_POINT('',(-0.05645318120718,0.129796003848314,0.));
#3214=CARTESIAN_POINT('',(-0.05385318120718,0.129796003848314,0.));
#3215=CARTESIAN_POINT('',(-0.05645318120718,0.139796003848314,0.002));
#3216=CARTESIAN_POINT('',(-0.05645318120718,0.139796003848314,0.002));
#3217=CARTESIAN_POINT('',(-0.05385318120718,0.139796003848314,0.002));
#3218=CARTESIAN_POINT('',(-0.05645318120718,0.139796003848314,0.));
#3219=CARTESIAN_POINT('',(-0.05385318120718,0.139796003848314,0.));
#3220=CARTESIAN_POINT('',(-0.05645318120718,0.149796003848314,0.002));
#3221=CARTESIAN_POINT('',(-0.05645318120718,0.149796003848314,0.002));
#3222=CARTESIAN_POINT('',(-0.05385318120718,0.149796003848314,0.002));
#3223=CARTESIAN_POINT('',(-0.05645318120718,0.149796003848314,0.));
#3224=CARTESIAN_POINT('',(-0.05385318120718,0.149796003848314,0.));
#3225=CARTESIAN_POINT('',(-0.05645318120718,0.159796003848314,0.002));
#3226=CARTESIAN_POINT('',(-0.05645318120718,0.159796003848314,0.002));
#3227=CARTESIAN_POINT('',(-0.05385318120718,0.159796003848314,0.002));
#3228=CARTESIAN_POINT('',(-0.05645318120718,0.159796003848314,0.));
#3229=CARTESIAN_POINT('',(-0.05385318120718,0.159796003848314,0.));
#3230=CARTESIAN_POINT('',(-0.04645318120718,0.109796003848314,0.002));
#3231=CARTESIAN_POINT('',(-0.04645318120718,0.109796003848314,0.002));
#3232=CARTESIAN_POINT('',(-0.04385318120718,0.109796003848314,0.002));
#3233=CARTESIAN_POINT('',(-0.04645318120718,0.109796003848314,0.));
#3234=CARTESIAN_POINT('',(-0.04385318120718,0.109796003848314,0.));
#3235=CARTESIAN_POINT('',(-0.04645318120718,0.119796003848314,0.002));
#3236=CARTESIAN_POINT('',(-0.04645318120718,0.119796003848314,0.002));
#3237=CARTESIAN_POINT('',(-0.04385318120718,0.119796003848314,0.002));
#3238=CARTESIAN_POINT('',(-0.04645318120718,0.119796003848314,0.));
#3239=CARTESIAN_POINT('',(-0.04385318120718,0.119796003848314,0.));
#3240=CARTESIAN_POINT('',(-0.04645318120718,0.129796003848314,0.002));
#3241=CARTESIAN_POINT('',(-0.04645318120718,0.129796003848314,0.002));
#3242=CARTESIAN_POINT('',(-0.04385318120718,0.129796003848314,0.002));
#3243=CARTESIAN_POINT('',(-0.04645318120718,0.129796003848314,0.));
#3244=CARTESIAN_POINT('',(-0.04385318120718,0.129796003848314,0.));
#3245=CARTESIAN_POINT('',(-0.04645318120718,0.139796003848314,0.002));
#3246=CARTESIAN_POINT('',(-0.04645318120718,0.139796003848314,0.002));
#3247=CARTESIAN_POINT('',(-0.04385318120718,0.139796003848314,0.002));
#3248=CARTESIAN_POINT('',(-0.04645318120718,0.139796003848314,0.));
#3249=CARTESIAN_POINT('',(-0.04385318120718,0.139796003848314,0.));
#3250=CARTESIAN_POINT('',(-0.04645318120718,0.149796003848314,0.002));
#3251=CARTESIAN_POINT('',(-0.04645318120718,0.149796003848314,0.002));
#3252=CARTESIAN_POINT('',(-0.04385318120718,0.149796003848314,0.002));
#3253=CARTESIAN_POINT('',(-0.04645318120718,0.149796003848314,0.));
#3254=CARTESIAN_POINT('',(-0.04385318120718,0.149796003848314,0.));
#3255=CARTESIAN_POINT('',(-0.04645318120718,0.159796003848314,0.002));
#3256=CARTESIAN_POINT('',(-0.04645318120718,0.159796003848314,0.002));
#3257=CARTESIAN_POINT('',(-0.04385318120718,0.159796003848314,0.002));
#3258=CARTESIAN_POINT('',(-0.04645318120718,0.159796003848314,0.));
#3259=CARTESIAN_POINT('',(-0.04385318120718,0.159796003848314,0.));
#3260=CARTESIAN_POINT('',(-0.03645318120718,0.109796003848314,0.002));
#3261=CARTESIAN_POINT('',(-0.03645318120718,0.109796003848314,0.002));
#3262=CARTESIAN_POINT('',(-0.03385318120718,0.109796003848314,0.002));
#3263=CARTESIAN_POINT('',(-0.03645318120718,0.109796003848314,0.));
#3264=CARTESIAN_POINT('',(-0.03385318120718,0.109796003848314,0.));
#3265=CARTESIAN_POINT('',(-0.03645318120718,0.119796003848314,0.002));
#3266=CARTESIAN_POINT('',(-0.03645318120718,0.119796003848314,0.002));
#3267=CARTESIAN_POINT('',(-0.03385318120718,0.119796003848314,0.002));
#3268=CARTESIAN_POINT('',(-0.03645318120718,0.119796003848314,0.));
#3269=CARTESIAN_POINT('',(-0.03385318120718,0.119796003848314,0.));
#3270=CARTESIAN_POINT('',(-0.03645318120718,0.129796003848314,0.002));
#3271=CARTESIAN_POINT('',(-0.03645318120718,0.129796003848314,0.002));
#3272=CARTESIAN_POINT('',(-0.03385318120718,0.129796003848314,0.002));
#3273=CARTESIAN_POINT('',(-0.03645318120718,0.129796003848314,0.));
#3274=CARTESIAN_POINT('',(-0.03385318120718,0.129796003848314,0.));
#3275=CARTESIAN_POINT('',(-0.03645318120718,0.139796003848314,0.002));
#3276=CARTESIAN_POINT('',(-0.03645318120718,0.139796003848314,0.002));
#3277=CARTESIAN_POINT('',(-0.03385318120718,0.139796003848314,0.002));
#3278=CARTESIAN_POINT('',(-0.03645318120718,0.139796003848314,0.));
#3279=CARTESIAN_POINT('',(-0.03385318120718,0.139796003848314,0.));
#3280=CARTESIAN_POINT('',(-0.03645318120718,0.149796003848314,0.002));
#3281=CARTESIAN_POINT('',(-0.03645318120718,0.149796003848314,0.002));
#3282=CARTESIAN_POINT('',(-0.03385318120718,0.149796003848314,0.002));
#3283=CARTESIAN_POINT('',(-0.03645318120718,0.149796003848314,0.));
#3284=CARTESIAN_POINT('',(-0.03385318120718,0.149796003848314,0.));
#3285=CARTESIAN_POINT('',(-0.03645318120718,0.159796003848314,0.002));
#3286=CARTESIAN_POINT('',(-0.03645318120718,0.159796003848314,0.002));
#3287=CARTESIAN_POINT('',(-0.03385318120718,0.159796003848314,0.002));
#3288=CARTESIAN_POINT('',(-0.03645318120718,0.159796003848314,0.));
#3289=CARTESIAN_POINT('',(-0.03385318120718,0.159796003848314,0.));
#3290=CARTESIAN_POINT('',(-0.0264531812071801,0.109796003848314,0.002));
#3291=CARTESIAN_POINT('',(-0.0264531812071801,0.109796003848314,0.002));
#3292=CARTESIAN_POINT('',(-0.0238531812071801,0.109796003848314,0.002));
#3293=CARTESIAN_POINT('',(-0.0264531812071801,0.109796003848314,0.));
#3294=CARTESIAN_POINT('',(-0.0238531812071801,0.109796003848314,0.));
#3295=CARTESIAN_POINT('',(-0.0264531812071801,0.119796003848314,0.002));
#3296=CARTESIAN_POINT('',(-0.0264531812071801,0.119796003848314,0.002));
#3297=CARTESIAN_POINT('',(-0.0238531812071801,0.119796003848314,0.002));
#3298=CARTESIAN_POINT('',(-0.0264531812071801,0.119796003848314,0.));
#3299=CARTESIAN_POINT('',(-0.0238531812071801,0.119796003848314,0.));
#3300=CARTESIAN_POINT('',(-0.0264531812071801,0.129796003848314,0.002));
#3301=CARTESIAN_POINT('',(-0.0264531812071801,0.129796003848314,0.002));
#3302=CARTESIAN_POINT('',(-0.0238531812071801,0.129796003848314,0.002));
#3303=CARTESIAN_POINT('',(-0.0264531812071801,0.129796003848314,0.));
#3304=CARTESIAN_POINT('',(-0.0238531812071801,0.129796003848314,0.));
#3305=CARTESIAN_POINT('',(-0.0264531812071801,0.139796003848314,0.002));
#3306=CARTESIAN_POINT('',(-0.0264531812071801,0.139796003848314,0.002));
#3307=CARTESIAN_POINT('',(-0.0238531812071801,0.139796003848314,0.002));
#3308=CARTESIAN_POINT('',(-0.0264531812071801,0.139796003848314,0.));
#3309=CARTESIAN_POINT('',(-0.0238531812071801,0.139796003848314,0.));
#3310=CARTESIAN_POINT('',(-0.0264531812071801,0.149796003848314,0.002));
#3311=CARTESIAN_POINT('',(-0.0264531812071801,0.149796003848314,0.002));
#3312=CARTESIAN_POINT('',(-0.0238531812071801,0.149796003848314,0.002));
#3313=CARTESIAN_POINT('',(-0.0264531812071801,0.149796003848314,0.));
#3314=CARTESIAN_POINT('',(-0.0238531812071801,0.149796003848314,0.));
#3315=CARTESIAN_POINT('',(-0.0264531812071801,0.159796003848314,0.002));
#3316=CARTESIAN_POINT('',(-0.0264531812071801,0.159796003848314,0.002));
#3317=CARTESIAN_POINT('',(-0.0238531812071801,0.159796003848314,0.002));
#3318=CARTESIAN_POINT('',(-0.0264531812071801,0.159796003848314,0.));
#3319=CARTESIAN_POINT('',(-0.0238531812071801,0.159796003848314,0.));
#3320=CARTESIAN_POINT('',(-0.0164531812071801,0.109796003848314,0.002));
#3321=CARTESIAN_POINT('',(-0.0164531812071801,0.109796003848314,0.002));
#3322=CARTESIAN_POINT('',(-0.0138531812071801,0.109796003848314,0.002));
#3323=CARTESIAN_POINT('',(-0.0164531812071801,0.109796003848314,0.));
#3324=CARTESIAN_POINT('',(-0.0138531812071801,0.109796003848314,0.));
#3325=CARTESIAN_POINT('',(-0.0164531812071801,0.119796003848314,0.002));
#3326=CARTESIAN_POINT('',(-0.0164531812071801,0.119796003848314,0.002));
#3327=CARTESIAN_POINT('',(-0.0138531812071801,0.119796003848314,0.002));
#3328=CARTESIAN_POINT('',(-0.0164531812071801,0.119796003848314,0.));
#3329=CARTESIAN_POINT('',(-0.0138531812071801,0.119796003848314,0.));
#3330=CARTESIAN_POINT('',(-0.0164531812071801,0.129796003848314,0.002));
#3331=CARTESIAN_POINT('',(-0.0164531812071801,0.129796003848314,0.002));
#3332=CARTESIAN_POINT('',(-0.0138531812071801,0.129796003848314,0.002));
#3333=CARTESIAN_POINT('',(-0.0164531812071801,0.129796003848314,0.));
#3334=CARTESIAN_POINT('',(-0.0138531812071801,0.129796003848314,0.));
#3335=CARTESIAN_POINT('',(-0.0164531812071801,0.139796003848314,0.002));
#3336=CARTESIAN_POINT('',(-0.0164531812071801,0.139796003848314,0.002));
#3337=CARTESIAN_POINT('',(-0.0138531812071801,0.139796003848314,0.002));
#3338=CARTESIAN_POINT('',(-0.0164531812071801,0.139796003848314,0.));
#3339=CARTESIAN_POINT('',(-0.0138531812071801,0.139796003848314,0.));
#3340=CARTESIAN_POINT('',(-0.0164531812071801,0.149796003848314,0.002));
#3341=CARTESIAN_POINT('',(-0.0164531812071801,0.149796003848314,0.002));
#3342=CARTESIAN_POINT('',(-0.0138531812071801,0.149796003848314,0.002));
#3343=CARTESIAN_POINT('',(-0.0164531812071801,0.149796003848314,0.));
#3344=CARTESIAN_POINT('',(-0.0138531812071801,0.149796003848314,0.));
#3345=CARTESIAN_POINT('',(-0.0164531812071801,0.159796003848314,0.002));
#3346=CARTESIAN_POINT('',(-0.0164531812071801,0.159796003848314,0.002));
#3347=CARTESIAN_POINT('',(-0.0138531812071801,0.159796003848314,0.002));
#3348=CARTESIAN_POINT('',(-0.0164531812071801,0.159796003848314,0.));
#3349=CARTESIAN_POINT('',(-0.0138531812071801,0.159796003848314,0.));
#3350=CARTESIAN_POINT('',(-0.0104531812071801,0.104200185224414,0.002));
#3351=CARTESIAN_POINT('',(-0.0104531812071801,0.104200185224414,0.));
#3352=CARTESIAN_POINT('',(-0.0104531812071801,0.158553363161195,0.));
#3353=CARTESIAN_POINT('',(-0.0104531812071801,0.0498470072876328,0.));
#3354=CARTESIAN_POINT('',(-0.0104531812071801,0.158553363161195,0.002));
#3355=CARTESIAN_POINT('',(-0.0104531812071801,0.158553363161195,0.002));
#3356=CARTESIAN_POINT('',(-0.0104531812071801,0.104200185224414,0.002));
#3357=CARTESIAN_POINT('',(-0.0104531812071801,0.0498470072876328,0.002));
#3358=CARTESIAN_POINT('',(-0.0104531812071801,0.0498470072876328,0.));
#3359=CARTESIAN_POINT('',(-0.04145318120718,0.104200185224414,0.002));
#3360=CARTESIAN_POINT('',(-0.0652105405200607,0.0498470072876328,0.002));
#3361=CARTESIAN_POINT('',(-0.0176958218942994,0.0498470072876328,0.002));
#3362=CARTESIAN_POINT('',(-0.0176958218942994,0.158553363161195,0.002));
#3363=CARTESIAN_POINT('',(-0.0253416856083663,0.169339829673286,0.002));
#3364=CARTESIAN_POINT('',(-0.0281402191695818,0.172883655498259,0.002));
#3365=CARTESIAN_POINT('',(-0.0414531900279308,0.173446003848314,0.002));
#3366=CARTESIAN_POINT('',(-0.0338605008638692,0.184396003848314,0.002));
#3367=CARTESIAN_POINT('',(-0.0414531898989821,0.184396003848314,0.002));
#3368=CARTESIAN_POINT('',(-0.0490458789340952,0.184396003848314,0.002));
#3369=CARTESIAN_POINT('',(-0.0414531900279308,0.173446003848314,0.002));
#3370=CARTESIAN_POINT('',(-0.0547661607400219,0.172883655517835,0.002));
#3371=CARTESIAN_POINT('',(-0.0575646942846263,0.169339829683074,0.002));
#3372=CARTESIAN_POINT('',(-0.0652105405200607,0.158553363161195,0.002));
#3373=CARTESIAN_POINT('',(-0.0414531900279308,0.173446003848314,0.002));
#3374=CARTESIAN_POINT('',(-0.0346524779662913,0.181996003848314,0.002));
#3375=CARTESIAN_POINT('',(-0.0414531900279308,0.173446003848314,0.002));
#3376=CARTESIAN_POINT('',(-0.0482539018535,0.181996003848314,0.002));
#3377=CARTESIAN_POINT('',(-0.0414531899098957,0.181996003848314,0.002));
#3378=CARTESIAN_POINT('',(-0.04145318120718,0.104200185224414,0.));
#3379=CARTESIAN_POINT('',(-0.0414531900279308,0.173446003848314,0.));
#3380=CARTESIAN_POINT('',(-0.0482539018535,0.181996003848314,0.));
#3381=CARTESIAN_POINT('',(-0.0492525285469616,0.164783533213244,0.));
#3382=CARTESIAN_POINT('',(-0.0492525285469616,0.164495322578173,0.));
#3383=CARTESIAN_POINT('',(-0.0485282685469616,0.164495322578173,0.));
#3384=CARTESIAN_POINT('',(-0.0485282685469616,0.163771062578173,0.));
#3385=CARTESIAN_POINT('',(-0.0414531899250089,0.163771062578173,0.));
#3386=CARTESIAN_POINT('',(-0.0343781113030562,0.163771062578173,0.));
#3387=CARTESIAN_POINT('',(-0.0343781113030562,0.164495322578173,0.));
#3388=CARTESIAN_POINT('',(-0.0336538513030562,0.164495322578173,0.));
#3389=CARTESIAN_POINT('',(-0.0336538513030562,0.164783533213244,0.));
#3390=CARTESIAN_POINT('',(-0.0414531900279308,0.173446003848314,0.));
#3391=CARTESIAN_POINT('',(-0.0346524779662913,0.181996003848314,0.));
#3392=CARTESIAN_POINT('',(-0.0414531899098957,0.181996003848314,0.));
#3393=CARTESIAN_POINT('',(-0.0652105405200607,0.0498470072876328,0.));
#3394=CARTESIAN_POINT('',(-0.0652105405200607,0.158553363161195,0.));
#3395=CARTESIAN_POINT('',(-0.0575646942846263,0.169339829683074,0.));
#3396=CARTESIAN_POINT('',(-0.0547661607400219,0.172883655517835,0.));
#3397=CARTESIAN_POINT('',(-0.0414531900279308,0.173446003848314,0.));
#3398=CARTESIAN_POINT('',(-0.0490458789340952,0.184396003848314,0.));
#3399=CARTESIAN_POINT('',(-0.0414531898989821,0.184396003848314,0.));
#3400=CARTESIAN_POINT('',(-0.0338605008638692,0.184396003848314,0.));
#3401=CARTESIAN_POINT('',(-0.0414531900279308,0.173446003848314,0.));
#3402=CARTESIAN_POINT('',(-0.0281402191695818,0.172883655498259,0.));
#3403=CARTESIAN_POINT('',(-0.0253416856083663,0.169339829673286,0.));
#3404=CARTESIAN_POINT('',(-0.0176958218942994,0.158553363161195,0.));
#3405=CARTESIAN_POINT('',(-0.0176958218942994,0.0498470072876328,0.));
#3406=CARTESIAN_POINT('',(-0.0414531900279308,0.173446003848314,0.));
#3407=CARTESIAN_POINT('',(-0.0482539018535,0.181996003848314,0.));
#3408=CARTESIAN_POINT('',(-0.0414531899098957,0.181996003848314,0.));
#3409=CARTESIAN_POINT('',(-0.0346524779662913,0.181996003848314,0.));
#3410=CARTESIAN_POINT('',(-0.0414531900279308,0.173446003848314,0.));
#3411=CARTESIAN_POINT('',(-0.0253416856083663,0.169339829673286,0.));
#3412=CARTESIAN_POINT('',(-0.0281402191695818,0.172883655498259,0.));
#3413=CARTESIAN_POINT('',(-0.0414531900279308,0.173446003848314,0.));
#3414=CARTESIAN_POINT('',(-0.0338605008638692,0.184396003848314,0.));
#3415=CARTESIAN_POINT('',(-0.0414531898989821,0.184396003848314,0.));
#3416=CARTESIAN_POINT('',(-0.0490458789340952,0.184396003848314,0.));
#3417=CARTESIAN_POINT('',(-0.0414531900279308,0.173446003848314,0.));
#3418=CARTESIAN_POINT('',(-0.0547661607400219,0.172883655517835,0.));
#3419=CARTESIAN_POINT('',(-0.0575646942846263,0.169339829683074,0.));
#3420=CARTESIAN_POINT('',(-0.0652105405200607,0.0498470072876328,0.002));
#3421=CARTESIAN_POINT('',(-0.0652105405200607,0.158553363161195,0.002));
#3422=CARTESIAN_POINT('',(-0.0176958218942994,0.158553363161195,0.002));
#3423=CARTESIAN_POINT('',(-0.0176958218942994,0.0498470072876328,0.002));
#3424=CARTESIAN_POINT('',(-0.0492525285469616,0.164783533213244,-0.0105));
#3425=CARTESIAN_POINT('',(-0.0492525285469616,0.164783533213244,-0.01137574));
#3426=CARTESIAN_POINT('',(-0.0492525285469616,0.177490835813186,-0.01137574));
#3427=CARTESIAN_POINT('',(-0.0492525285469616,0.164495322578173,-0.01137574));
#3428=CARTESIAN_POINT('',(-0.0492525285469616,0.164495322578173,-0.0105));
#3429=CARTESIAN_POINT('',(-0.0492525285469616,0.17063094919568,-0.0105));
#3430=CARTESIAN_POINT('',(-0.0492525285469616,0.177490835813186,-0.0105));
#3431=CARTESIAN_POINT('',(-0.0492525285469616,0.177490835813186,-0.0121));
#3432=CARTESIAN_POINT('',(-0.0336538513030562,0.164783533213244,-0.0105));
#3433=CARTESIAN_POINT('',(-0.0336538513030562,0.164495322578173,-0.0105));
#3434=CARTESIAN_POINT('',(-0.0336538513030562,0.164495322578173,-0.01137574));
#3435=CARTESIAN_POINT('',(-0.0336538513030562,0.164783533213244,-0.01137574));
#3436=CARTESIAN_POINT('',(-0.0336538513030562,0.177490835813186,-0.01137574));
#3437=CARTESIAN_POINT('',(-0.0336538513030562,0.177490835813186,-0.0121));
#3438=CARTESIAN_POINT('',(-0.0336538513030562,0.177490835813186,-0.0105));
#3439=CARTESIAN_POINT('',(-0.0336538513030562,0.17063094919568,-0.0105));
#3440=CARTESIAN_POINT('',(-0.0414531899250089,0.163771062578173,-0.0105));
#3441=CARTESIAN_POINT('',(-0.0485282685469616,0.163771062578173,-0.0105));
#3442=CARTESIAN_POINT('',(-0.0485282685469616,0.163771062578173,-0.01137574));
#3443=CARTESIAN_POINT('',(-0.0414531899250089,0.163771062578173,-0.01137574));
#3444=CARTESIAN_POINT('',(-0.0343781113030562,0.163771062578173,-0.01137574));
#3445=CARTESIAN_POINT('',(-0.0343781113030562,0.163771062578173,-0.0105));
#3446=CARTESIAN_POINT('',(-0.0414531899250089,0.17063094919568,-0.0105));
#3447=CARTESIAN_POINT('',(-0.0414531899250089,0.177490835813186,-0.0105));
#3448=CARTESIAN_POINT('',(-0.0414531899250089,0.177490835813186,-0.0121));
#3449=CARTESIAN_POINT('',(-0.0414531899250089,0.177490835813186,-0.0121));
#3450=CARTESIAN_POINT('',(-0.0485282685469616,0.177490835813186,-0.0121));
#3451=CARTESIAN_POINT('',(-0.0343781113030562,0.177490835813186,-0.0121));
#3452=CARTESIAN_POINT('',(-0.0485282685469616,0.177490835813186,-0.01137574));
#3453=CARTESIAN_POINT('',(-0.0343781113030562,0.177490835813186,-0.01137574));
#3454=CARTESIAN_POINT('',(-0.0414531899250089,0.17063094919568,-0.0121));
#3455=CARTESIAN_POINT('',(-0.0414531899250089,0.164495322578173,-0.0121));
#3456=CARTESIAN_POINT('',(-0.0343781113030562,0.164495322578173,-0.0121));
#3457=CARTESIAN_POINT('',(-0.0485282685469616,0.164495322578173,-0.0121));
#3458=CARTESIAN_POINT('',(-0.0485282685469616,0.17063094919568,-0.0121));
#3459=CARTESIAN_POINT('',(-0.0343781113030562,0.17063094919568,-0.0121));
#3460=CARTESIAN_POINT('',(-0.0343781113030562,0.164495322578173,-0.0105));
#3461=CARTESIAN_POINT('',(-0.0343781113030562,0.164495322578173,-0.01137574));
#3462=CARTESIAN_POINT('',(-0.0343781113030562,0.17063094919568,-0.01137574));
#3463=CARTESIAN_POINT('',(-0.0343781113030562,0.164495322578173,-0.01137574));
#3464=CARTESIAN_POINT('',(-0.0343781113030562,0.164495322578173,-0.01137574));
#3465=CARTESIAN_POINT('',(-0.0343781113030562,0.164495322578173,-0.01137574));
#3466=CARTESIAN_POINT('',(-0.0414531899250089,0.164495322578173,-0.01137574));
#3467=CARTESIAN_POINT('',(-0.0485282685469616,0.164495322578173,-0.01137574));
#3468=CARTESIAN_POINT('',(-0.0485282685469616,0.17063094919568,-0.01137574));
#3469=CARTESIAN_POINT('',(-0.0485282685469616,0.164495322578173,-0.01137574));
#3470=CARTESIAN_POINT('',(-0.0485282685469616,0.164495322578173,-0.01137574));
#3471=CARTESIAN_POINT('',(-0.0485282685469616,0.164495322578173,-0.01137574));
#3472=CARTESIAN_POINT('',(-0.0485282685469616,0.164495322578173,-0.0105));
#3473=MECHANICAL_DESIGN_GEOMETRIC_PRESENTATION_REPRESENTATION('',(#2042),
#3474);
#3474=(
GEOMETRIC_REPRESENTATION_CONTEXT(3)
GLOBAL_UNCERTAINTY_ASSIGNED_CONTEXT((#3475))
GLOBAL_UNIT_ASSIGNED_CONTEXT((#3478,#3477,#3476))
REPRESENTATION_CONTEXT('Part 4','TOP_LEVEL_ASSEMBLY_PART')
);
#3475=UNCERTAINTY_MEASURE_WITH_UNIT(LENGTH_MEASURE(1.E-8),#3478,
'DISTANCE_ACCURACY_VALUE','Maximum Tolerance applied to model');
#3476=(
NAMED_UNIT(*)
SI_UNIT($,.STERADIAN.)
SOLID_ANGLE_UNIT()
);
#3477=(
NAMED_UNIT(*)
PLANE_ANGLE_UNIT()
SI_UNIT($,.RADIAN.)
);
#3478=(
LENGTH_UNIT()
NAMED_UNIT(*)
SI_UNIT($,.METRE.)
);
#3479=PRODUCT_DEFINITION_SHAPE('','',#3480);
#3480=PRODUCT_DEFINITION('','',#3482,#3481);
#3481=PRODUCT_DEFINITION_CONTEXT('',#3488,'design');
#3482=PRODUCT_DEFINITION_FORMATION_WITH_SPECIFIED_SOURCE('','',#3484,
 .NOT_KNOWN.);
#3483=PRODUCT_RELATED_PRODUCT_CATEGORY('','',(#3484));
#3484=PRODUCT('Part 4','Part 4','Part 4',(#3486));
#3485=PRODUCT_CATEGORY('','');
#3486=PRODUCT_CONTEXT('',#3488,'mechanical');
#3487=APPLICATION_PROTOCOL_DEFINITION('international standard',
'ap242_managed_model_based_3d_engineering',2020,#3488);
#3488=APPLICATION_CONTEXT('managed model based 3d engineering');
ENDSEC;
END-ISO-10303-21;
